food_name,food_type
Angel Food Cake,cake
Mock Angel Food Cake,cake
Heavenly Raspberry Dessert,cake
Cherry Angel Food Cake,cake
High-Altitude Angel Food Cake,cake
Homemade Angel Food Cake,cake
Microwave Mini Angel Food Cake,cake
Gluten-Free Angel Food Cake,cake
Honey Angel Food Cake,cake
Toasted Angel Food Cake with Strawberries,cake
Two Part Angel Cake,cake
Syd's Angel Food Cake,cake
Banana Bread Brownies,bread
Banana Banana Bread,bread
Banana Chocolate Chip Bread,bread
Joy's Easy Banana Bread,bread
Janet's Rich Banana Bread,bread
Extreme Banana Nut Bread 'EBNB',bread
Banana Sour Cream Bread,bread
The Best Banana Bread,bread
Sarah's Banana Bread Muffins,bread
Banana Pumpkin Bread,bread
Blueberry Banana Bread,bread
Almost No Fat Banana Bread,bread
Brown Sugar Banana Bread,bread
Banana Bran Muffins,bread
Banana Loaf,bread
Simple Banana Bread,bread
Cream Cheese Banana Bread,bread
Grandma's Homemade Banana Bread,bread
Spiced Banana Bread,bread
Banana Zucchini Bread,bread
Chef John's Banana Bread,bread
Whole Wheat Banana Nut Bread,bread
Creamy Banana Bread,bread
Hawaiian Banana Nut Bread,bread
Browned Butter Banana Bread,bread
Banana Peanut Butter Bread,bread
Maple Banana Bread,bread
Chocolate Banana Bread,bread
Easy Banana Bread,bread
Grandma's Banana Bread,bread
Cathy's Banana Bread,bread
Brown Sugar Banana Nut Bread I,bread
Mom's Carrot Banana Bread,bread
Banana Nut Bread Baked in a Jar,bread
Banana Peach Bread,bread
Healthier Banana Banana Bread,bread
Banana Bread Mug Cake in a Minute,bread
Ginger Banana Bread Recipe,bread
Sour Cream Banana Bread,bread
Janine's Best Banana Bread,bread
High-Protein Banana Bread,bread
Double Banana Nut Bread,bread
Lighter Banana Muffins,bread
Banana Walnut Bread,bread
Banana Coconut Loaf,bread
Gluten Free Banana Bread,bread
Banana Pineapple Bread,bread
Einkorn Banana Bread,bread
Raspberry Banana Bread,bread
Quick Banana Nut Bread,bread
Molasses Banana Bread,bread
Quick Banana Bread,bread
We Be Jammin' Jamaican Banana Bread,bread
Chocolate Chip Banana Bread,bread
Best Ever Classic Banana Bread,bread
Banana Bread,bread
Banana Apple Bread,bread
Lower Fat Banana Bread I,bread
Vegan Banana Bread,bread
Oatmeal Banana Nut Bread,bread
Basic Fruit Bread Recipe,bread
Nanna's Banana Bread,bread
Roasted Pecan Banana Bread Loaves,bread
Banana Nut Bread I,bread
Banana Nut Bread,bread
Janet's Famous Banana Nut Bread,bread
Breeze Banana Bread,bread
Banana Cranberry Bread,bread
Strawberry Banana Bread,bread
Mango-Banana Bread,bread
Favorite Banana Blueberry Quick Bread,bread
My Aunt's Banana Bread,bread
Family Banana Nut Bread Recipe,bread
Simple Peanut Butter Banana Bread,bread
Kay's Gluten-Free Banana Date Bread,bread
Sourdough Banana Nut Bread,bread
Blueberry Banana Nut Bread,bread
Banana Beer Bread,bread
Spelt-Banana Bread,bread
Dad's Banana Nut Bread,bread
Hawaiian Coconut-Banana Bread,bread
Bangin' Banana Bread,bread
Very Banana-y Whole Wheat Banana Bread,bread
Best Hawaiian Banana Nut Bread,bread
Banana Walnut Cornbread,bread
Nutty Banana Bread,bread
Banana Walnut Flax Seed Bread,bread
Black Sesame and Walnut Banana Bread,bread
Lower Fat Banana Nut Bread,bread
Powerhouse Banana Bread,bread
Best Ever Banana Bread,bread
Peanut Butter Chocolate Chip Banana Bread,bread
Nutty Banana Chocolate Chip Bread,bread
Organic Banana Bread,bread
Chocolate Chip Banana Bread I,bread
Chocolate Fudge Banana Bread,bread
Whole Wheat Chocolate Banana Bread,bread
Nutella Banana Split Bread,bread
Strawberry-Banana Bread with Chocolate Chips,bread
Cinnamon-Coconut-Chocolate Chip Banana Bread,bread
Gluten-Free Moist Choc Chip Banana Bread,bread
"Bitter Chocolate, Lavender, and Banana Tea Loaf",bread
Kid-Approved Banana Bread,bread
Banoffee Snack Cake,bread
Banana Cake,bread
Bananas Foster Cake,bread
Southern-Style Banana Split Cake,bread
Banana Chocolate Chip Cake,bread
Easy Banana Loaf Cake,bread
Surprise Banana Cake,bread
Banana Bread Bars with Brown Butter Frosting,bread
Banana Oatmeal Crumb Cake,bread
Microwave Banana Cake in a Bowl,bread
Banana Nut Cake,bread
Banana Pound Cake With Caramel Glaze,bread
Mari's Banana Cupcakes,bread
The Cake That Doesn't Last,bread
Banana Cake with Cream Cheese Frosting,bread
Air-Fried Banana Cake,bread
Jamaica Cake,bread
Banana Yogurt Cake,bread
Banana Cheesecake with Banana Cream Pie Topping,bread
Sour Cream Banana Cake,bread
Dr. Bird Cake,bread
Banana Bundt Cake,bread
Chef John's Hummingbird Cake,bread
Chunky Monkey Cupcakes,bread
Banana Cream Cheesecake,bread
Banana Bread with Oat-Streusel Topping,bread
Banana Plum Bread,bread
Banana Split Cheesecake,bread
Apple Banana Cupcakes,bread
Thai Steamed Banana Cake,bread
Banana Chiffon Cake,bread
Simple Banana Coffee Cake,bread
Hummingbird Cake I,bread
Banana Split Cake I,bread
"Banana Peanut Butter Cheesecake aka ""The Elvis""",bread
Banana Nut Coconut Cake,bread
Banana-Nut Cake with Caramel Icing,bread
It Won't Last Cake,bread
Banana Chocolate Chip Dessert,bread
Maui Banana Cream Tube Cake,bread
Gramma Bertha's Banana Cake,bread
Passover Banana Coffee Cake,bread
Banana Pancake Pops,bread
Bananas Foster Cheesecake,bread
Banana-Oatmeal Cake (Screwed-Up Mother's Day Cake),bread
Vegan Banana Cake,bread
Banana-Nut Buttermilk Bundt Cake,bread
Vegan Double Chocolate Peanut Butter Banana Cake,bread
Banana-Pumpkin Bundt Cake,bread
Banana Cheesecake with Caramel Sauce,bread
Rice Cooker Muffin Cake,bread
Banana Coffee Cake with Pecans,bread
Fluffernutter Cupcakes,bread
Moist Banana Streusel Muffins,bread
Blueberry-Banana Coffee Cake,bread
Fluffy Banana Cake,bread
Banana-Nog Cake,bread
Banana Crunch Cake,bread
Banana Muffins,bread
Banana Oat Muffins,bread
Ultimate Banana Muffins,bread
Banana Crumb Muffins,bread
Chocolate Banana Muffins,bread
Vegan Banana Muffins,bread
Best Yet Banana Mini Muffins,bread
Hearty Breakfast Muffins,bread
Moist Banana Muffins,bread
No-Sugar-Added Blueberry and Banana Wheat Muffins,bread
Choc Chip Banana Muffins,bread
Sinfully Moist Banana Muffins,bread
Banana Prune Muffins,bread
Banana Strawberry Muffins,bread
Banana Oat Muffins with Sour Cream,bread
Dietetic Banana Nut Muffins,bread
Banana-Nut Muffins,bread
Mocha Chocolate Chip Banana Muffins,bread
Most Requested Banana Chocolate Chip Muffins,bread
Whole Wheat Banana Oat Muffins,bread
Easy Banana Muffins,bread
Banana Oatmeal Muffins,bread
Peanut Butter Banana Muffins,bread
Banana Muffins with Sour Cream,bread
Edna's Banana Cranberry Muffins,bread
Healthy Banana Chocolate Chip Oat Muffins,bread
Pumpkin Banana Oat Muffins,bread
Lower-Carb Banana Protein Muffins,bread
Banana Nut Muffins,bread
Banana Blueberry Muffins,bread
Health Nut Blueberry Muffins,bread
Banana Muffins with a Crunch,bread
Healthier Banana Crumb Muffins,bread
Banana and Flax Seed Muffins,bread
Banana-Walnut Muffins,bread
Oh My Gosh Muffins,bread
Banana and Persimmon Cinnamon Muffins,bread
"Banana, Date and Walnut Muffins",bread
Banana Walnut Cranberry Muffins,bread
Avocado Banana and Walnut Muffins,bread
Coconut Flour Banana Muffins with Chocolate Chips,bread
Easy Banana Chocolate Chip Muffins,bread
Oatmeal Breakfast Muffins,bread
Simple Pina Colada Muffins Recipe,bread
"Yogurt, Banana, and Pear Muffins",bread
Gluten-Free Banana-Chocolate Chip Muffins,bread
Banana-Date Muffins,bread
Gluten-Free Banana Oatmeal Muffins,bread
Low-Fat Breakfast Muffins,bread
Delicious Vegan Spelt Muffins,bread
Vegan Blueberry and Banana Oatmeal Muffins,bread
Blueberry Banana Coconut Flax Muffins,bread
Banana Mango Muffins with Lime Glaze,bread
Banana Breakfast Muffins,bread
Chocolate-Banana Muffins,bread
Vegan Date Sweet Potato Muffins,bread
Banana-Oat Egg White Muffins,bread
Chai-Spiced Apple Babka,bread
Caramel Apple Cinnamon Rolls,bread
"Pissaladière (Southern French ""Pizza"")",bread
Apple Cider Hawaiian Roll Donuts,bread
Old-Fashioned Butter Rolls,bread
Cheddar Zucchini Bread,bread
Strawberry Butter Swim Biscuits,bread
Lobster Roll Khachapuri,bread
Cowboy Butter Swim Biscuits,bread
Cornbread Donuts,bread
Yummy Ice Cream Bread,bread
Sour Cream and Chive Skillet Dinner Rolls,bread
Ooey Gooey Hawaiian Roll Cinnamon Rolls,bread
Mediterranean Flatbread,bread
Shortcut Cherry Danish,bread
Hummingbird Muffins,bread
Pickle Bacon Chopped Bagels,bread
Herby Garlic Skillet Dinner Rolls,bread
Viking Flatbread,bread
Copycat Cinnabon Delights Hawaiian Rolls,bread
Cinnamon Roll Bacon Twists,bread
Easy Cottage Cheese Wrap,bread
Ooey-Gooey Lemon Monkey Bread,bread
Pizza Focaccia,bread
Loaded Potato Focaccia,bread
Cheeseburger Focaccia,bread
French Onion Soup Focaccia,bread
Pistachio Cream Cinnamon Rolls,bread
Roman-Style Pizza,bread
Holiday Star Bread,bread
Cranberry Pistachio Pudding Muffins,bread
Blueberry Orange Bread,bread
Cranberry Brie Pull Apart Bread,bread
Easy Pecan Sticky Buns,bread
Gingerbread Cinnamon Rolls,bread
Ham and Gruyère Scones,bread
Lemon Cranberry Bread,bread
Holiday Monkey Bread,bread
Easy Churro Cronuts,bread
Cinnamon Buttermilk Bread,bread
Easy Salted Caramel Apple Pull Apart Bread,bread
Copycat Cheesecake Factory Brown Bread,bread
Cottage Cheese Bread,bread
Jiffy Jalapeno Cheese Cornbread Muffins,bread
Country Ham and Biscuits,bread
Garlic Dinner Rolls,bread
Applesauce Muffins,bread
Plum Muffins,bread
Plum Streusel Muffins,bread
Cream Cheese Biscuits,bread
Easy Garlic Knots,bread
Amish Friendship Bread Starter,bread
Apple Spice Rolls,bread
Prosciutto Plum Focaccia,bread
Chef John's Hot Water Cornbread,bread
Sloppy Joe Cornbread Casserole,bread
Hot Honey Butter Cream Cheese Stuffed Bagel,bread
Flatbreads with Roasted Red Pepper Sauce,bread
Perfect Pan Pizza,bread
No-Yeast Pizza Crust,bread
Thin-Crust Pizza Dough,bread
Two-Ingredient Pizza Dough,bread
Pretzel Crust Pizza,bread
South Shore Bar Pizza,bread
Tavern Pizza,bread
Amazing Whole Wheat Pizza Crust,bread
Perfect Every Time Pizza or Calzone Dough,bread
No-Rise Pizza Dough,bread
Bread Machine Thin Crust Pizza Dough,bread
Jay's Signature Pizza Crust,bread
Cauliflower Pizza Crust,bread
Keto Chicken Crust Pizza,bread
The Real Chicago Deep-Dish Pizza Dough,bread
Master Pizza Dough,bread
Spelt Pizza Dough,bread
World's Easiest Bread Machine Pizza Dough,bread
Chef John's Easy Homemade Pizza Dough,bread
Italian Pizza Dough,bread
Sourdough Pizza Crust Dough,bread
Valentino's Pizza Crust,bread
Cauliflower Pizza Crust from Green Giant,bread
New York-Style Pizza Dough,bread
Bread Machine Pizza Dough,bread
Crazy Crust Pizza Dough,bread
Cauliflower Almond Pizza Crust,bread
Rye Pizza Dough,bread
Italian Feather Bread Pizza Dough,bread
Flash Pizza,bread
New York Italian Pizza Dough,bread
Premium Pizza Crust,bread
Famous California Pizza Dough,bread
Chef John's Cauliflower Pizza Crust,bread
Gluten-Free Pizza Crust or Flatbread,bread
Whole Wheat Pizza Dough,bread
Pizza Sauce and Dough,bread
Double Crust Stuffed Pizza,bread
Keto Pepperoni Pizza with Fathead Crust,bread
The Best Pizza Crust,bread
Whole Wheat and Honey Pizza Dough,bread
Thin Crust Pizza Dough,bread
Broccoli Pizza Crust,bread
Brooklyn-Style Pizza Dough,bread
Real Italian Pizza Dough,bread
Pizza Oven Dough,bread
Thin-Crust Fathead Pizza Dough,bread
Pizza Crust for Bread Machine,bread
Basic Pizza Dough,bread
Ricardo's Pizza Crust,bread
Four-Cheese Fathead Pizza Dough,bread
Keto Pizza Crust,bread
Garlic Lover's Pizza Crust for the Bread Machine,bread
Pizza Crust I,bread
Italian Pizza Crust in Bread Machine,bread
Keto Fathead Pizza with Chorizo and Salsa,bread
Sicilian Pizza Crust,bread
Banana Bread - Quick Bread for Machines,bread
French Baguettes,bread
Hot Cross Buns,bread
Gluten-Free Bread in a Bread Machine,bread
Sweet Dinner Rolls,bread
Cinnamon Swirl Bread for the Bread Machine,bread
Italian Bread Using a Bread Machine,bread
Bread Machine Rolls,bread
Bread Machine Focaccia,bread
Ciabatta Bread,bread
Bread Machine Bagels,bread
Cinnamon Rolls,bread
Honey Whole Wheat Bread,bread
Bread Machine Challah,bread
Bread Machine Pumpernickel Bread,bread
Portuguese Sweet Bread I,bread
Bread Machine Almond Bread,bread
Deliciously Easy Garlic Herb Focaccia,bread
Russian Black Bread,bread
Caraway Rye Bread (for the bread machine),bread
Honey Of An Oatmeal Bread,bread
Milk Bread,bread
Super Easy Rosemary Bread Machine Bread,bread
Jo's Rosemary Bread,bread
Dark Rye Bread,bread
Flax and Sunflower Seed Bread,bread
Bread Machine Challah I,bread
Bread Machine Sugar-Free Bread,bread
Steakhouse Black Bread,bread
"Soft, Moist and Gooey Cinnamon Buns",bread
Plain and Simple Sourdough Bread,bread
Crusty Potato Bread,bread
Cream Cheese Bread,bread
High-Protein Bread,bread
Herb Bread for Bread Machine,bread
Chocolate Chip Bread I,bread
Bread Machine Monkey Bread,bread
High Fiber Bread,bread
Steakhouse Wheat Bread for the Bread Machine,bread
Amish Bread,bread
Healthy Whole Wheat Bread Machine Buns,bread
Old Fashion Molasses Bread,bread
Honey Wheat Oat Flour Bread Machine Bread,bread
Cranberry Orange Bread (For Bread Machine),bread
High Flavor Bran Bread,bread
Cranberry Walnut Bread,bread
Light Oat Bread,bread
Bread Machine Cottage Cheese Bread,bread
Bread Machine Ezekiel Bread,bread
Oat Bran Bread,bread
Cranberry Oat Bread,bread
Bread Maker Doughnuts,bread
Gluten-Free White Bread for Bread Machines,bread
Hot Ube Pandesal (Filipino Purple Yam Bread Rolls),bread
Bread Machine Panettone,bread
Pumpernickel Rye Bread,bread
Tomato Bread,bread
Resurrection Rolls,bread
Pizza Dough,bread
Chinese Steamed Buns,bread
Sticky Buns,bread
Chef John's Panettone,bread
Everything Bagel Grilled Cheese,bread
Feta and Sardine Flatbread,bread
Copycat Texas Roadhouse Rolls,bread
How to Make Sourdough Bread with Levain,bread
Cinnamon Roll Focaccia,bread
Fruit Pizza Chopped Bagel,bread
California BLT Chopped Bagel,bread
Triple Coffee Sweet Rolls,bread
Panettone,bread
Orange and Saffron Panettone,bread
Buffalo Chicken Flatbread,bread
Rosemary-Garlic Beer Bread,bread
Grilled Gyro Flatbread,bread
Uncrustable Donuts,bread
Brioche Col Tuppo (Sicilian Brioche),bread
Strawberry Biscuits,bread
Sausage Gravy Kolaches,bread
Pain au Chocolat (Chocolate Croissants),bread
Pizza Dough Breadsticks,bread
Classic Glazed Doughnuts,bread
Semla (Swedish Fat Tuesday Buns),bread
Ezekiel Bread,bread
Adjarian Khachapuri,bread
Pumpkin Conchas,bread
Easy Homemade Pizza Dough,bread
Best Bread Machine Bread,bread
Best Monkey Bread,bread
Classic Dinner Rolls,bread
Clone of a Cinnabon,bread
Simple Whole Wheat Bread,bread
The Best Sourdough Cinnamon Rolls,bread
Pan de Muertos (Mexican Bread of the Dead),bread
Homemade Hamburger Buns,bread
Quick Yeast Rolls,bread
Amish White Bread,bread
White Bread for the Bread Machine,bread
Beignets,bread
Apple Danish,bread
"Boston Cream Hawaiian Roll ""Donuts""",bread
Cannoli,bread
Halloween Zombie Guts Cinnamon Rolls,bread
Sour Cream Donuts,bread
Orange Cinnamon Rolls,bread
Chili-Bacon Cinnamon Rolls,bread
Choux Pastry,bread
Strawberry Lemon Cheesecake Rolls,bread
Puff Pastry Twists,bread
Air Fryer Cinnamon Roll Bites,bread
Baked Apple Fritters,bread
Cinnamon Roll Monkey Bread,bread
Chinese Sweet Bun Dough,bread
Zeppole,bread
Mochi Donuts,bread
Nana's Fastnachts,bread
Eggnog Cinnamon Rolls,bread
Homemade Mini Cinnamon Rolls,bread
"""Thousand Layer"" Chocolate Brioche",bread
Air Fryer Cherry Cream Cheese Croissants,bread
Ooey-Gooey Cinnamon Buns,bread
Apple Cider Donuts,bread
Best Cake Doughnuts,bread
Crispy and Creamy Doughnuts,bread
Easy Apple Strudel,bread
Kouign-Amann,bread
Monkey Bread from Scratch,bread
Cinnamon Rolls From Frozen Bread Dough - EASY,bread
Danish Pastry,bread
Croissants,bread
Baked Apple Roses,bread
Ninety-Minute Cinnamon Rolls,bread
Caramel Rolls,bread
Chef John's Sticky Buns,bread
Oliebollen (Dutch Doughnuts),bread
Golden Sweet Cornbread,bread
Mom's Zucchini Bread,bread
Downeast Maine Pumpkin Bread,bread
Amazingly Easy Irish Soda Bread,bread
Grandmother's Buttermilk Cornbread,bread
Chocolate Chip Pumpkin Bread,bread
Basic Corn Muffins,bread
Hot Water Cornbread,bread
Cranberry Orange Bread,bread
Sweet Potato Bread,bread
Lemon Blueberry Bread,bread
Challah Bread,bread
Blueberry Zucchini Bread,bread
Potato Scones,bread
Matzah,bread
Rhubarb Bread,bread
Homemade Crescent Rolls,bread
Brioche,bread
Chef John's Cheese Blintzes,bread
Cranberry Nut Bread,bread
Mayonnaise Biscuits,bread
Excellent and Healthy Cornbread,bread
Irish Potato Farls,bread
Sufganiyot,bread
Streusel-Topped Blueberry Muffins,bread
Samoan Panikeke,bread
Potato Rolls,bread
Danish Kringle,bread
Southern Corn Pone Bread,bread
Finnish Pulla,bread
Potica,bread
Homemade Ice Cream Cones,bread
Lemon Zucchini Bread,bread
Cranberry Sauce Muffins,bread
Blini (Russian Pancakes),bread
Homemade Corn Tortillas,bread
Pumpkin-Shaped Dinner Rolls,bread
Cranberry Orange Loaf,bread
Air Fryer Beignets,bread
Sarah's Knish,bread
Persimmon Bread,bread
Easy Cream Cheese Danish,bread
Poppy Seed Bread with Glaze,bread
Carrot Bread,bread
Guinness Bread,bread
Fluffy Cake Donuts,bread
Super Easy Doughnuts,bread
Baked Mini Doughnuts,bread
Struffoli,bread
Salted Caramel Pumpkin Muffins,bread
Sloppy Joe Skillet Cornbread Casserole,bread
Banana Chocolate Chip Muffins,bread
Irish Soda Bread Scones,bread
Reuben Crescent Rolls,bread
Rotel Biscuit Bombs,bread
Nana Dot's Irish Soda Bread,bread
Pumpkin Coconut Bread,bread
Rhubarb Almond Muffins,bread
Iced Dried Cherry Biscuits,bread
Herby Ricotta Biscuits,bread
Sweet Potato Sage Biscuits,bread
Classic Biscuits,bread
Plum and Pecan Muffins,bread
Cinnamon-Raisin French Toast Muffins,bread
Snickerdoodle Zucchini Bread,bread
Chef John's Chocolate Chip Pumpkin Bread,bread
Jalapeno Cheddar Cornbread Muffins,bread
Jalapeño Cornbread Muffins,bread
Mochi Muffins,bread
Parmesan Chive Biscuits,bread
Blueberry Loaf,bread
Grandma's Best Zucchini Bread,bread
Pepper Jack Cornbread Biscuits,bread
Irish Barmbrack,bread
Jim's Cheddar Onion Soda Bread,bread
Rye Soda Bread,bread
Fennel Soda Bread,bread
Quick Cinnamon Rolls,bread
Cinnamon Roll Pull-Apart Toast,bread
Land of Nod Cinnamon Buns,bread
Buttermilk Cinnamon Rolls,bread
Biscuit Cinnamon Rolls,bread
Yummy No-Bake Cinnamon Rolls for Kids,bread
Best Ever Caramel Rolls,bread
Classic Cinnamon Rolls,bread
Danish Cinnamon Snails,bread
Bisquick Cinnamon Rolls,bread
Marcia's Famous Sticky Buns,bread
Easy Cinnamon Rolls,bread
Caramel Cinnamon Rolls,bread
Grandmother Stougaard's Caramel Pecan Sweet Rolls,bread
Homemade Cinnamon Rolls,bread
Pecan Sticky Buns,bread
Strawberry Cinnamon Rolls,bread
Homemade Gluten-Free Cinnamon Rolls,bread
Simple Puff Pastry Cinnamon Rolls,bread
Mom's Good Cinnamon Rolls,bread
Mini Cinnamon Rolls,bread
Easy and Incredible Cinnamon Roll Bites,bread
Betty's Famous Cinnamon Rolls,bread
Best Ever Cinnamon Buns,bread
Best Ever Cinnamon Pull Aparts,bread
Soft Cinnamon Rolls,bread
Cinnamon Roll Bunnies,bread
Quick and Easy Cinnamon Roll Casserole,bread
Basic Sweet Dough,bread
Chef John's Pumpkin Cinnamon Rolls,bread
Easy Homemade Cinnamon Rolls,bread
Two Ingredient Dough Cinnamon Rolls,bread
Sticky Monkey Brains,bread
Vegan Bread Machine Cinnamon Rolls,bread
Florence's Famous Cinnamon Rolls,bread
Kelsandra's Pumpkin Cinnamon Rolls,bread
Strawberry Rhubarb Drop Biscuits,bread
Honey Biscuits,bread
Basic Biscuits,bread
Chef John's Buttermilk Biscuits,bread
Red Lobster Cheddar Biscuits,bread
Jamaican Fried Dumplings,bread
J.P.'s Big Daddy Biscuits,bread
Easy Baking Powder Drop Biscuits,bread
Tea Biscuits,bread
Cheddar Bay Biscuits,bread
Mom's Baking Powder Biscuits,bread
Butter Swim Biscuits,bread
White Lily Light and Fluffy Biscuits,bread
E-Z Drop Biscuits,bread
Cathead Biscuits,bread
Never Fail Biscuits,bread
Sour Cream Biscuits,bread
Fluffy Whole Wheat Biscuits,bread
Raisin Tea Biscuits,bread
Grandma's Baking Powder Biscuits,bread
Easy Mayonnaise Biscuits,bread
Best Buttermilk Biscuits,bread
Canadian Tea Biscuits,bread
Easy Biscuits,bread
Spelt Biscuits,bread
Teena's Overnight Southern Buttermilk Biscuits,bread
Cheese-Garlic Biscuits,bread
Baking Powder Biscuits,bread
Tender Potato Biscuits,bread
How to Make Cream Biscuits,bread
Kentucky Biscuits,bread
Cheesy Keto Biscuits,bread
Garlic-Herb Butter Drop Biscuits,bread
Sadie's Buttermilk Biscuits Recipe,bread
Super Easy Shortcake Biscuits,bread
Nanny's Newfoundland Tea Biscuits,bread
Blueberry Lemon Breakfast Biscuits,bread
Cheddar Biscuits,bread
Cheese Drop Biscuits,bread
Herb Buttermilk Biscuits,bread
Best Sausage Gravy and Biscuits,bread
Oatcakes,bread
Fluffy Sour Cream Biscuits,bread
Chef John's Butter Puff Biscuit Dough,bread
Jalapeño Cheddar Cornbread,bread
Honey Cornbread,bread
Corn Fritters with Maple Syrup,bread
Absolute Mexican Cornbread,bread
Sweet Jalapeño Cornbread,bread
Sweet Cornbread Cake,bread
Cast Iron Cornbread,bread
Sour Cream Cornbread,bread
Mexican-Style Cornbread,bread
Broccoli Cornbread with Cheese,bread
Skillet Cornbread,bread
Mom's Mexican Cornbread,bread
Blueberry Cornbread,bread
Homesteader Cornbread,bread
Real Southern Cornbread,bread
Creamy Cornbread Casserole,bread
Cornbread Muffins,bread
Banana Cornbread,bread
Corn Dog Muffins,bread
Gluten-Free Cornbread,bread
Johnnycakes,bread
Camp Cornbread,bread
Sweet Corn Cakes,bread
Blue Corn Cornbread,bread
Blueberry Cornmeal Muffins,bread
Applesauce Cornbread,bread
Black-Eyed Pea Cornbread,bread
Bacon Cheddar Jalapeño Cornbread,bread
Authentic Mexican Corn Bread,bread
Jalapeño Cornbread,bread
Crackling Cornbread,bread
Sweet Corn Bread,bread
Mexican-Style Sweet Cornbread,bread
Cranberry Cornbread,bread
Cheesy Cornbread,bread
Cast Iron Skillet Buttermilk Cornbread,bread
Savory Corn Muffins,bread
Karen's Sweet Corn Bread,bread
Amusement Park Cornbread,bread
Best Ever Corn Muffins,bread
Savory Thanksgiving Cupcakes,bread
Grandma's Buttermilk Cornbread,bread
Ultimate Gluten-Free Cornbread,bread
Broccoli Cornbread,bread
Cornbread Made with Coconut Oil,bread
Corn Muffins,bread
Chef John's Blueberry Cornbread,bread
Mom's Sweet Buttermilk Corn Bread,bread
Moist Cranberry Orange Bread,bread
Grandmother's Famous Cranberry Bread,bread
Cranberry Apple Bread,bread
Pumpkin Cranberry Bread,bread
Cranberry Orange Quick Bread,bread
Citrus Cranberry Zucchini Bread,bread
Holiday Cranberry Nut Bread,bread
Cranberry Orange Walnut Bread,bread
Cranberry Banana Oat Bread,bread
Cranberry Eggnog Cornbread Scones,bread
Cranberry Persimmon Bread,bread
Apple Cider-Cranberry Bread,bread
Cranberry-Nut Bread,bread
Cranberry Pumpkin Banana Bread,bread
Sweet Potato Cranberry Sauce Bread,bread
Cranberry Nut Quick Bread,bread
Cranberry Pumpkin Chip Bread,bread
Cranberry Mango Bread,bread
Christmas Cranberry-Persimmon Loaf,bread
Pumpkin-Cranberry-Orange Gingerbread Loaf,bread
Irish Brown Soda Bread,bread
Irish Soda Bread,bread
Real Traditional Irish Soda Bread,bread
Irresistible Irish Soda Bread,bread
Brennan's Irish Soda Bread,bread
Perfectly Moist Irish Wheaten Bread,bread
Irish Soda Farls,bread
Best Ever Irish Soda Bread,bread
Irish Soda Bread with Caraway Seeds,bread
Irish Brown Bread,bread
Chef John's Irish Soda Bread,bread
Mom's Irish Soda Bread,bread
Irish Soda Bread with Raisins,bread
Grandpa McAndrew's Irish Soda Bread,bread
Irish Soda Bread and Whiskey Butter,bread
Macomb's Irish Soda Bread,bread
Sweet Irish Bread,bread
Irish Bread,bread
Spotted Dog Irish Bread,bread
Liquor-Infused Irish Soda Bread,bread
Irish Soda Bread with Buttermilk,bread
Basic Irish Soda Bread With Cheese,bread
O'Kee's Irish Soda Oatmeal Bread,bread
McNamara's Irish Soda Bread,bread
Aunt Kathy's Irish Soda Bread,bread
Auntie Mae's Irish Bread,bread
Pumpkin Muffins with Streusel Topping,bread
Easy Pumpkin Chocolate Chip Bread,bread
The Best Pumpkin Bread,bread
Copycat Starbucks Pumpkin Bread,bread
Pumpkin Pie Muffins,bread
Easy Pumpkin Muffins,bread
Pumpkin Chocolate Chip Muffins,bread
Pumpkin Pie Bread,bread
Pumpkin Cream Cheese Bread,bread
Perfect Pumpkin Muffins,bread
Pumpkin Bread,bread
Pumpkin Apple Streusel Muffins,bread
Pumpkin Gingerbread,bread
Delicious Pumpkin Bread,bread
Fresh Pumpkin Muffins,bread
Pumpkin Gut Chocolate Chip Muffins,bread
Dairy-Free Pumpkin Bread,bread
Baked Pumpkin Bread,bread
Applesauce Pumpkin Bread,bread
Pumpkin Oat Bread,bread
Whole Wheat Pumpkin Applesauce Muffins,bread
October Oatmeal Pumpkin Muffins,bread
Whole Wheat Pumpkin Bread,bread
Easy Pumpkin Spice Muffins,bread
Pumpkin Spinach Toddler Muffins,bread
Healthy Pumpkin Cranberry Muffins,bread
Easy and Delicious Pumpkin Bread,bread
Perfect Paleo Pumpkin Bread,bread
Cinnamon Chip Pumpkin Mini Muffins,bread
Pumpkin Walnut Bread,bread
Samhain Pumpkin Bread,bread
Pumpkin Wheat Honey Muffins,bread
Pumpkin Loaf,bread
Pumpkin Muffins with Cinnamon Streusel Topping,bread
Gluten-Free Pumpkin Bread,bread
Orange Pumpkin Loaf,bread
Pumpkin Nut Muffins,bread
Pumpkin Bread with Raisins and Pecans,bread
Pumpkin Zucchini Bread,bread
Maple Pumpkin Doughnuts,bread
Lemon Pistachio Zucchini Bread,bread
Moist Pumpkin Bread,bread
Blueberry Pumpkin Muffins,bread
Pumpkin Swirl Bread,bread
Spiced Pumpkin Bread,bread
Chef John's No-Knead Pumpkin Bread,bread
Pumpkin Chip Muffins,bread
Chocolate Chip and Pumpkin Bread,bread
Pumpkin Donuts,bread
White Chocolate Pumpkin Spice Muffins,bread
Cream Cheese Filled Pumpkin Muffins,bread
Double Pumpkin-Beer Bread,bread
Glazed Pumpkin Donuts,bread
Pumpkin Spelt Muffins,bread
Pumpkin Bread (Gluten-Free),bread
Best Zucchini Bread,bread
Chocolate Zucchini Muffins,bread
Chocolate Zucchini Bread,bread
Zucchini Pineapple Bread,bread
Applesauce Zucchini Bread,bread
Zucchini Walnut Bread,bread
Apple Zucchini Bread,bread
Easy Chocolate Zucchini Bread,bread
Mom's Spiced Zucchini Bread,bread
Chocolate Chip Zucchini Bread,bread
Pineapple Zucchini Muffins,bread
Sour Cream Zucchini Bread,bread
Savory Cheddar Zucchini Muffins,bread
Chocolate Chip Orange Zucchini Bread,bread
Zucchini Bread with Coconut,bread
Chef John's Zucchini Bread,bread
Pineapple Coconut Zucchini Bread,bread
Caley's Classic Zucchini Bread,bread
Banana Zucchini Bread Muffins,bread
Vegan Zucchini Bread,bread
Zucchini Bread in a Jar,bread
Moistest Sugar-Free Zucchini Muffins Ever,bread
Zucchini Bread with Brown Sugar,bread
"Carrot, Apple, and Zucchini Muffins",bread
Southern Summer Squash Pudding,bread
Zucchini Carrot Bread,bread
Honey Butter Zucchini Bread,bread
Zucchini Raisin Muffins,bread
Farm Fresh Zucchini Cranberry Nut Muffins,bread
Gluten-Free Zucchini Bread,bread
Spiced Zucchini Carrot Muffins,bread
Sophie's Zucchini Bread,bread
Super Duper Zucchini Muffins,bread
Pineapple Zucchini Loaf,bread
Zucchini Gingerbread,bread
Best Lemon Zucchini Bread,bread
Glazed Lemon Zucchini Bread,bread
Ellen's Lemon Zucchini Bread,bread
Zucchini-Carrot-Banana Whole Wheat Bread,bread
Zucchini Yogurt Multigrain Muffins,bread
My Kid's Favorite Zucchini Bread,bread
Grandma's Chocolate Zucchini Bread,bread
Lemon Zucchini Muffins,bread
Zucchini Bread with Pineapple,bread
Whole Wheat Zucchini Herb Bread,bread
Vegan Zucchini Banana Bread,bread
Zucchini-Raspberry Bread,bread
Healthier Mom's Zucchini Bread,bread
"Zucchini Bread, Pumpkin Style",bread
Gluten-Free Zucchini Bread (or Muffins),bread
Cherry-Zucchini Bread,bread
Savory Zucchini Muffins,bread
Real Homemade Bagels,bread
Boiled Bagels,bread
Pumpernickel Bagels,bread
Moist Passover Bagel,bread
Multigrain Bagels,bread
Air Fryer Everything Bagel Bites,bread
Two-Ingredient Air Fryer Bagels,bread
Whole Wheat Bagels,bread
Pumpkin Spice Bagel,bread
Cream Cheese-Filled Bagel Balls,bread
Grandma Sherrill's Bagels,bread
Two-Ingredient Bagels,bread
Nova Lox Everything Breakfast Bagel,bread
Tori's Air Fryer Pumpkin Bagels,bread
A Number-One Egg Bread,bread
Paska Bread,bread
Babka,bread
Easy Challah Bread,bread
Irresistible Whole Wheat Challah,bread
Sweet Challah,bread
Italian Easter Bread (Anise-Flavored),bread
Cheese Babka,bread
Polish Egg Bread,bread
Most Amazing Challah,bread
Sy's Challah,bread
Challah in a Hurry,bread
High-Altitude Challah,bread
Ukrainian Country Babka,bread
Shabbat Challah,bread
Miriam's Not-So-Secret Challah,bread
Decadent Challah Bread,bread
Sweet Braided Easter Bread,bread
Honey Whole Wheat Challah,bread
Pumpkin Brioche,bread
Everything Challah,bread
Hanukkah Star Challah,bread
Spelt Flour Bread Machine Challah,bread
Joyce's Fantastic Lemon Easter Bread,bread
Bread Machine Challah for Shabbat and Festivals,bread
Italian Christmas Bread with Eggnog Glaze,bread
Golden Egg Loaves (or Braids),bread
D's Whole Wheat Challah,bread
Wiener Dog Challah,bread
Focaccia Bread,bread
Naan,bread
Norwegian Potato Lefsa,bread
Roasted Grape Flatbread,bread
Tex-Mex Pork Crescent Roll Squares,bread
Lentil Flatbread,bread
South African Traditional Vetkoek (Fried Bread),bread
Homemade Pita Bread,bread
Lebanese Mountain Bread,bread
Garlic Naan,bread
Bazlama - Turkish Flat Bread,bread
No-Knead Focaccia,bread
Syrian Bread,bread
Peppy's Pita Bread,bread
Injera (Ethiopian Teff Bread),bread
Easiest Focaccia Recipe,bread
Decorated Focaccia Bread,bread
How To Make Focaccia,bread
Schlotsky's Bread,bread
Michael's Focaccia Bread,bread
Noni Afghani,bread
Za'atar Bread,bread
Homemade Focaccia Bread,bread
Naan Bread,bread
Ekmek Turkish Bread,bread
Easy Naan,bread
Black Olive and Rosemary Focaccia,bread
Garlic Cheese Flatbread,bread
Hotteok,bread
Lepinja (Balkan Flatbread),bread
Indian Naan,bread
Gluten-Free Pita Flatbread,bread
Scacce Ragusane (Sicilian Stuffed Flatbread),bread
Flammkuchen (Tarte Flambee),bread
Best Gluten-Free Pita Bread,bread
Fantastic Focaccia Bread,bread
Easy Focaccia,bread
Hychin,bread
Pocket Bread,bread
Lebanese Zaatar (Za'atar) Bread,bread
Traditional Pita Breads,bread
Finnish-American Flatbread,bread
Easy Rosemary Focaccia,bread
Fougasse (French-Style Flatbread),bread
Sourdough Focaccia alla Genovese,bread
Samoon (Iraqi Flatbread),bread
Best Vegan Naan,bread
Serendipity Bread,bread
Easy Festive Focaccia,bread
Focaccia Alla Genovese,bread
Traditional Chinese Scallion Pancakes,bread
No Knead Beer Bread,bread
No-Knead Bread,bread
Slow Cooker Bread,bread
Bialys,bread
Effortless Rustic Bread,bread
Better-Than-Bakery No-Knead Sourdough,bread
Batter White Bread,bread
Fabulous Homemade Bread for the Food Processor,bread
Dutch Oven Caraway Rye Bread,bread
Chef John's Whole Wheat Ciabatta,bread
No-Knead Country Bread,bread
Instant Pot Crusty No-Knead Bread,bread
Soft No-Knead Dinner Rolls,bread
No-Knead Cinnamon and Raisin Bread,bread
Buttermilk Crumpets,bread
No-Knead Skillet Olive Bread,bread
No-Knead Sun-dried Tomato Garlic Basil Bread,bread
Herb Batter Bread,bread
Gluten-Free Sourdough Raisin Bread,bread
Khobz el Dar (Algerian Semolina Bread),bread
Colleen's Potato Crescent Rolls,bread
High Rise Dinner Rolls,bread
Granny's White Bread,bread
Potato Bread I,bread
Rosy Refrigerator Rolls,bread
Zadi's Potato Bread,bread
Homemade Soft Pretzels,bread
Papa Drexler's Bavarian Pretzels,bread
Pizza Dough Pretzels,bread
Soft Homemade Pretzels,bread
Mall Pretzels,bread
Soft Pretzel Bites,bread
Large Soft Pretzels (Quick),bread
Sourdough Soft Pretzels,bread
Bavarian Pretzels,bread
German New Year Pretzel,bread
Pretzel Bratwurst Bites,bread
Two-Ingredient Dough Soft Pretzels,bread
Two-Ingredient Dough Air Fryer Pretzel Bites,bread
Air Fryer Pretzel Bites,bread
Chef John's Parker House Rolls,bread
Tasty Buns,bread
French Bread Rolls to Die For,bread
Pepperoni Rolls,bread
Burger or Hot Dog Buns,bread
Grandma Rita's Soft Butter Rolls,bread
School Lunchroom Cafeteria Rolls,bread
German Brotchen Rolls,bread
Grandma's Old-Fashioned Yeast Rolls,bread
Traditional Russian Pirozhki,bread
Sandwich Rolls,bread
Chef John's Kummelweck Rolls,bread
Unbelievable Rolls,bread
Steamed Barbecue Pork Buns,bread
Belle's Hamburger Buns,bread
Sweet Potato Rolls,bread
Rosemary Pull-Apart Dinner Rolls,bread
Overnight Caramel Pecan Rolls,bread
Sweet Potato Buns,bread
Light Wheat Rolls,bread
Soft Sandwich Buns (Dough Hook Mixer Version),bread
Pan De Sal I,bread
Korean-Style Cream Cheese Garlic Bread,bread
Chef John's Hot Dog Buns,bread
Sweet or Savory Dampfnudel,bread
Best Rolls Ever!,bread
Angie's Perfect Dinner Rolls,bread
Easy Bread Machine Dinner Rolls,bread
Winter Squash Rolls,bread
Butterhorn Dinner Rolls,bread
Pretzel Buns,bread
Hamburger Buns,bread
Soft-N-Fluffy Hamburger Buns,bread
Grandma's Clover Leaf Rolls,bread
Mom's Yeast Rolls,bread
Gluten-Free Crescent Rolls,bread
Chef John's Hot Cross Buns,bread
Old-Fashioned Southern Rolls,bread
Soft and Chewy Balkan Bread,bread
Pandesal,bread
Homemade Pan Rolls,bread
Angel Biscuits,bread
Angel Biscuit Rolls,bread
Mallorca Bread,bread
Soft Onion Sandwich Rolls,bread
Sourdough Rolls,bread
Easy Gooey Caramel Rolls,bread
Skillet Dinner Rolls,bread
Sourdough Starter,bread
Chef John's Sourdough Bread,bread
Authentic German Bread (Bauernbrot),bread
San Francisco Sourdough Bread,bread
Amish Friendship Bread,bread
Sourdough Starter I,bread
Salt Rising Bread,bread
Air Fryer Sourdough Bread,bread
Sourdough Bread,bread
Herman Sourdough Starter,bread
Chef John's Sourdough Starter,bread
Biga,bread
Sourdough Rye,bread
Long-Fermentation Sourdough Bread,bread
Sourdough Rosemary Crackers,bread
Sourdough Buckwheat Pancakes,bread
Amish Cinnamon Bread,bread
Gluten-Free Sourdough Starter,bread
Sourdough Scones,bread
Mock Sourdough Bread,bread
Herman Bread,bread
Sourdough Discard Bread,bread
Amish Friendship Chocolate Bread,bread
Sourdough Discard Cinnamon Rolls,bread
The French Bread,bread
Gluten-Free Sourdough Sandwich Bread,bread
Chef Filip's Sourbread,bread
Honey Wheat Sourdough Bread with Quinoa,bread
Stephen's Pizza Dough,bread
Hawaiian Bread,bread
Traditional White Bread,bread
French Bread,bread
Ciabatta,bread
Chef John's Cuban Bread,bread
Mama D's Italian Bread,bread
How to Make French Baguettes,bread
Chef John's No-Knead Ciabatta,bread
Grandma VanDoren's White Bread,bread
Hard Do Bread,bread
Basic High-Altitude Bread,bread
Crusty Dutch Oven Bread,bread
Pain de Campagne - Country French Bread,bread
Chef John's Milk Bread,bread
Olive Oil Bread,bread
Finnish Nissua,bread
Hungarian Beigli,bread
English Muffin Bread,bread
Italian Bread Baked on a Pizza Stone,bread
No-Knead Dutch Oven Bread,bread
Fresh Yeast Bread,bread
Low-Salt White Bread,bread
Asian Water Roux White Bread,bread
Bread in a Bag,bread
Perfect White Bread,bread
Angie's Dilly Casserole Bread,bread
Microwave English Muffin Bread,bread
Zopf (Swiss Braided Bread),bread
Swiss Sunday Bread,bread
French Country Bread,bread
Braided Bread with Pesto,bread
Peasant Bread,bread
Simple White Bread,bread
Easy Cardamom Bread,bread
Chef John's White Bread,bread
Buttermilk Honey Bread,bread
Dan's Old Fashioned White Bread,bread
Grandma's English Muffin Bread,bread
Braided Italian Herb Bread,bread
Turtle Bread,bread
Chef John's Rustic Italian Cornbread,bread
Overnight Slow Cooker Bread,bread
Japanese Milk Bread,bread
Real NY Jewish Rye Bread,bread
Roti Bread from India,bread
Low-Fat Blueberry Bran Muffins,bread
Oatmeal Whole Wheat Quick Bread,bread
Deep Dark Old Recipe Bran Muffins,bread
Essene Bread,bread
Staffordshire Oatcakes,bread
Whole Wheat Beer Bread,bread
German Rye Bread,bread
Whole Wheat Wraps,bread
Crazy Bread,bread
Roxie's Bran Muffins,bread
Gluten-Free Beer Bread,bread
Healthier To Die For Blueberry Muffins,bread
Morning Glory Muffins I,bread
Multigrain Seeded Bread,bread
Bara Brith,bread
Easy Spelt Bread,bread
Ada (Adai),bread
Buttermilk Honey Wheat Bread,bread
Seminary Muffins,bread
Oat Whole Wheat Bread,bread
Whole Wheat Honey Bread,bread
Oat Applesauce Muffins,bread
Granny's Banana Bread,bread
Grandma Skeet's Prune Kolaches,bread
Blueberry Nut Oat Bran Muffins,bread
Prune Yogurt Spice Loaf,bread
Fabulous Homemade Bread,bread
Rustic Whole Wheat Bread,bread
Swedish Limpa Rye Bread,bread
Cracked Wheat Bread,bread
Dutch Oven Whole Wheat Bread,bread
Honey Wheat Bread I,bread
Winnipeg Rye Bread,bread
Bread Machine Honey-Oat-Wheat Bread,bread
Rye Beer Bread,bread
Kid-Friendly Wheat Bread,bread
Easy Whole Wheat Bread,bread
Classic Whole Wheat Bread,bread
Danish Rugbrod (Rye Bread) for the Bread Machine,bread
Cracked Wheat Bread I,bread
Bread Machine Honey-Whole Wheat Bread,bread
Wheat Bread with Flax Seed,bread
Kohlrabi Bread,bread
Crunchy Wheat and Rye,bread
Montana Russian Black Bread,bread
Essene Bread for the Bread Machine,bread
Healthier Amish Friendship Bread Starter,bread
Buttermilk Wheat Bread,bread
Honey and Flaxseed Bread,bread
Tabitha's Homemade Wheat Bread,bread
Heavenly Whole Wheat Bread,bread
Honey Wheat Slow Cooker Bread,bread
Honey Oatmeal Bread I,bread
Oat-N-Honey Bread,bread
Westrup Whole Wheat Bread,bread
Sauerkraut Onion Bread,bread
Wheat Bread in Resealable Bag,bread
Gramma Good's Fennel Bread,bread
Cream Cheese and Almond Wheat Bread,bread
Batter Rye Bread,bread
Dee's Health Bread,bread
Oatmeal Bread I,bread
Creamy Bacon and Broccoli Salad,vegetable
Southern Broccoli and Cauliflower Salad,vegetable
Ramen Noodle Broccoli Salad,vegetable
Crunchy Ramen Broccoli Slaw,vegetable
Cabbage and Broccoli Slaw with Vinegar Dressing,vegetable
Asian Broccoli Slaw,vegetable
Coleslaw With Grapes and Spinach,vegetable
Donna Leigh's Creamy Broccoli Slaw,vegetable
Andrea's Broccoli Slaw,vegetable
"Trees, Seeds, and Beans (Broccoli Slaw)",vegetable
Danish Dream Cake,cake
Rustic Caramel-Apple Tart,cake
Caramel-Apple Cake,cake
Caramel-Apple Brandy Cheesecake,cake
Pineapple Coconut Dream Cake,cake
Peaches and Cream Cake,cake
Peach Spoon Cake,cake
Rhubarb Olive Oil Cake,cake
Lemon Jell-O Cake,cake
No-Bake Double Chocolate Cheesecake,cake
Orange Creamsicle Sheet Cake,cake
No-Bake Tiramisu Cheesecake,cake
Chocolate Pistachio Roll Cake,cake
Carrot Bundt Cake,cake
Strawberry Cheesecake Dump Cake,cake
Carrot Coffee Cake,cake
Strawberry Tiramisu Roll,cake
Glazed Carrot Snack Cake,cake
Strawberry Blender Cake,cake
No-Bake Chocolate Pistachio Cheesecake Bars,cake
No-Bake Carrot Cheesecake,cake
Ooey Gooey Carrot Butter Cake,cake
Banoffee Cheesecake Bars,cake
No-Bake Lemon Ricotta Cheesecake Bars,cake
French Yogurt Cake,cake
Lemon Olive Oil Cake,cake
Cherry Cheesecake Dump Cake,cake
Italian Love Cake,cake
Creamsicle Sheet Cake,cake
Microwave Chocolate Pudding Cake,cake
Fudgy Black Forest Bars,cake
Salted Caramel Irish Cream Poke Cake,cake
Cherry Torte with Cherry Prosecco Syrup,cake
Cottage Cheese Blueberry Breakfast Cake,cake
Blackout Cake,cake
Pistachio Torte,cake
Cinnamon Nutmeg Coffee Cake,cake
Pumpkin Magic Cake,cake
Pecan Pie Upside Down Cake,cake
No-Bake Nutter Butter Banana Pudding Cheesecake,cake
Pumpkin Tiramisu Bundt Cake,cake
Pumpkin Oreo Cupcakes,cake
Tiramisu Cupcakes,cake
Apple Fritter Cake,cake
Crushed Pineapple Upside Down Cake,cake
Plum Almond Upside Down Cake,cake
Chocolate Cream Snack Cakes,cake
Lemon Fluff Snack Cake,cake
Coconut Dream Snack Cake,cake
Mocha Chip Icebox Cake,cake
Lemon Coconut Cake,cake
Old Fashioned Pineapple Upside-Down Cake,cake
Grandma's Skillet Pineapple Upside-Down Cake,cake
Fresh Peach Upside-Down Cake,cake
Blueberry Upside-Down Cake,cake
Homemade Banana Upside-Down Cake,cake
Fresh Strawberry Upside-Down Cake,cake
Plum Blueberry Upside-Down Cake,cake
Cake Mixes From Scratch and Variations,cake
Pineapple Upside-Down Cake,cake
Blackberry Upside-Down Cake,cake
Peach Upside-Down Cake,cake
Grandma's Pineapple Upside-Down Cake,cake
Best Pineapple Upside-Down Cake,cake
Easy Pineapple Upside-Down Cake,cake
Pineapple Upside-Down Cheesecake,cake
Pineapple Upside-Down Pound Cake,cake
Peach Cobbler Pound Cake,cake
Hawaiian Pineapple Upside-Down Cake,cake
Pineapple Upside-Down Cake from Scratch,cake
Cottage Pudding - Upside Down Cake,cake
Chef John's Pineapple Upside-Down Cake,cake
Milopita (Greek Apple Upside-Down Cake),cake
Cranberry Upside-Down Coffee Cake,cake
Fresh Cranberry Upside-Down Cake,cake
German Chocolate Upside Down Cake,cake
Pineapple Upside-Down Cupcakes,cake
Apple Upside-Down Cake,cake
Blueberry Upside-Down Mini Cakes,cake
Cranberry Upside-Down Sour Cream Cake,cake
Pineapple Upside-Down Cake (Gluten Free),cake
Persimmon Upside-Down Cake,cake
Pineapple Upside-Down Cake with Rum,cake
Chocolate Cherry Upside Down Cake,cake
Nectarine Upside-Down Cake,cake
Upside-Down Pear Gingerbread Cake,cake
Sharlotka,cake
Ricotta Pineapple Upside-Down Cake,cake
Lemon Blueberry Upside-Down Cake,cake
Caramel Apple Upside-Down Cake,cake
Plum Upside-Down Cake,cake
Upside-Down Coffee Cake,cake
Spicy Pineapple Upside Down Cake,cake
Cranberry Pecan Cake,cake
Ginger-Pear Upside-Down Cake,cake
Rhubarb Pineapple Upside-Down Cake,cake
Cream of Coconut Pineapple Upside-Down Cake,cake
Vegan Pineapple Upside-Down Cake,cake
Pear Upside-Down Graham Cake,cake
Peach Amaretto Upside-Down Cake,cake
Easy Upside Down Russian Biskvit With Apples,cake
Caramel-Apple Upside-Down Cake,cake
Nichole's Pineapple Upside-Down Cake,cake
Floating Brownie,cake
Grilled Pineapple Upside-Down Cake,cake
Blueberry Cornmeal Upside-Down Cake,cake
Mango Upside-Down Cake,cake
Spiced Plum Upside-Down Cake with Oats,cake
Sri Lankan Caramelized Pineapple-Upside Down Cake,cake
Pina Colada Upside-Down Mini Cakes,cake
Coconut Bundt Cake,cake
Tom Cruise Cake,cake
Coconut Poke Cake,cake
Moist Coconut Cake,cake
Coconut Coconut Milk Cake,cake
Coconut Cream Pound Cake,cake
Gluten-Free Coconut Cake,cake
Old-Fashioned Coconut Cake,cake
Coconut-Lime Cheesecake with Mango Coulis,cake
Simple Coconut Cake,cake
Coconut Chiffon Cake,cake
Pineapple Coconut Cake,cake
Chocolate Coconut Cake from King Arthur Flour,cake
Lemon Coconut Cupcakes,cake
Old Fashioned Coconut Cake,cake
Brazilian-Style Moist Coconut Cake,cake
Coconut Cake with Crushed Pineapple,cake
Coconut Cupcakes,cake
Key Lime-Coconut Cupcakes,cake
Coconut Sour Cream Pound Cake,cake
Easy Coconut Sheet Cake,cake
Aunt Connie's Coconut Cake,cake
Zucchini Coconut Cake,cake
Cassava-Coconut Cake,cake
Pound Cake with Lemon Coconut Glaze,cake
Pound Cake with Coconut Oil,cake
Italian Four-Layer Coconut Cream Cake,cake
Walnut-Coconut-Applesauce Coffee Cake,cake
Banana Coconut Cupcakes,cake
Coconut Cupcakes with Almond Cream Frosting,cake
Cathy's Version of Brooklyn Diner Coconut Cake,cake
Apple and Coconut Milk Cupcakes,cake
Chocolate Lava Cake with Coconut and Almond,cake
Banana Coconut Cake with Vanilla Glaze,cake
Coconut Cake with Pineapple Filling,cake
Coconut Streusel Cherry Pie,cake
Toasted Coconut-Topped Blueberry Cake,cake
Coconut-Lime Cupcakes,cake
Buttery Cupcakes with Coconut Topping,cake
White Chococonut Cupcakes,cake
Vegan Pumpkin Cupcakes with Coconut,cake
Coconut Pound Cake,cake
Blueberry Shortcake,cake
Old-Fashioned Shortcake,cake
Buttermilk Strawberry Shortcake,cake
"Red, White, and Blue Strawberry Shortcake",cake
Mom's Sponge Cake,cake
Classic Strawberry Shortcakes,cake
Skillet Strawberry Shortcake,cake
Old-Fashioned Strawberry Shortcake,cake
Chocolate Strawberry Shortcake,cake
Glazed Doughnut Strawberry Shortcake,cake
Chef John's Classic Strawberry Shortcake,cake
Scrumptious Strawberry Shortcake,cake
Perfect Berry Shortcakes,cake
Cottage Pudding (Cake for Strawberry Shortcake),cake
Quick Strawberry Shortcake,cake
Strawberry Crescent Roll Shortcake,cake
Gluten-Free Strawberry Shortcake,cake
Strawberry Shortcake from Scratch,cake
Strawberry-Citrus Shortcake,cake
Blueberry Lemon Shortcake,cake
Strawberry Shortcakes,cake
Strawberry and Rhubarb Shortcakes,cake
Carry Cake with Strawberries and Whipped Cream,cake
Fresh Cherry Shortcake,cake
Southern Peach Shortcake,cake
Sensational Strawberry Shortcake,cake
Summery Lime-Mango Shortcakes,cake
Congresbury Ginger Shortcake,cake
Summer Fruit Shortcakes,cake
Petra's Strawberry Shortcake,cake
Strawberry Shortcake with Balsamic,cake
Strawberry Shortcake Kabobs,cake
Fresh Strawberry Lemon Shortcake,cake
Peaches 'n Cream Shortcake,cake
"Red, White, and Blueberry Shortcake",cake
Blubaugh's Blueberry Buckle Shortcake,cake
Simple Chocolate Strawberry Shortcake,cake
Heart-Shaped Strawberry Shortcakes,cake
Smart Cookie Strawberry Shortcakes,cake
Strawberry Shortcake Updated,cake
Wedding Cake,cake
Rich Dark Fruitcake,cake
Petits Fours,cake
Italian Wedding Cake,cake
Champagne Cake,cake
Cake Pops,cake
Moist Yellow Cake,cake
Mexican Wedding Cake,cake
Mini Red Velvet Cupcakes with Cream Cheese Icing,cake
Eggless Orange Cake,cake
Naked Vanilla Cake with Mascarpone and Berries,cake
Chocolate Funfetti Cake,cake
Peanut Butter and Jelly Cake,cake
Genoise Sponge,cake
Rainbow Sheet Cake,cake
Funfetti Cake,cake
Chocolate Candy Bar Cake,cake
One Bowl Chocolate Cake,cake
Simple Cake Pops,cake
Yellow Cake Made from Scratch,cake
Texas Sheet Cake,cake
Best Strawberry Cake from Scratch,cake
Chiffon Cake,cake
Back-of-the-Box Hershey's Chocolate Cake,cake
Grandma's Chocolate Texas Sheet Cake,cake
White Almond Wedding Cake,cake
Easy Cake Pops,cake
Minecraft Cake,cake
White Texas Sheet Cake,cake
Happy Birthday Cake,cake
Easy Blueberry Cake,cake
Willard Family German Chocolate Cake,cake
Mini Vanilla Cupcakes,cake
Easiest Cake Pops Ever,cake
Hungarian Flourless Hazelnut Cake,cake
Heavenly White Cake,cake
Erupting Volcano Cake,cake
The Best Homemade Cupcakes,cake
Momma's Wine Cake,cake
Doberge Cake,cake
Custard Buttercream,cake
Homemade Cookie Cake,cake
Eclair Cake with Chocolate Ganache,cake
Old Southern Chocolate Pecan Sheet Cake,cake
Garbanzo Bean Chocolate Cake (Gluten Free!),cake
Maraschino Cherry Nut Cake,cake
Chocolate Cake from Scratch,cake
English Pound Cake,cake
Cream Tart Number Cake,cake
Nutmeg Cake,cake
Rave Reviews Coconut Cake,cake
Ice Cream Pizza,cake
Easy Incredible Ice Cream Cake,cake
Chocolate Butterfinger-Caramel Cake,cake
High Altitude Chocolate Cake,cake
Nutella Chocolate Cake,cake
Ice Cream Cone Treats,cake
Vanilla Cupcakes from Scratch,cake
Prune Cake,cake
Rainbow Citrus Cake,cake
Chocolate Chip Cookie Layer Cake,cake
Soccer Ball Cake,cake
Southern Red Velvet Cake,cake
Frog Cupcakes,cake
Nairobi Chocolate Cake,cake
Minnie Mouse Cupcakes,cake
Coffee Cake. Literally.,cake
Red Velvet Cheesecake Brownies,cake
Moist Red Velvet Cupcakes,cake
Red Velvet Cake with Beets,cake
Easy Red Velvet Cake,cake
Red Velvet Cheesecake,cake
Red Velvet Strawberry Cake,cake
Savannah's Perfectly Ravishing Red Velvet Cake,cake
Red Velvet Cake with Buttercream Frosting,cake
Red Velvet Cake I,cake
So Moist Red Velvet Cake,cake
Homemade Red Velvet Cake,cake
Reduced Fat and Cholesterol Red Velvet Cake,cake
Baileys Red Velvet Tres Leches Cake,cake
Mom's Signature Red Velvet Cake,cake
Red Velvet Brownies,cake
Red Velvet-Center Cheesecake,cake
Red Velvet Brownies with Cream Cheese Frosting,cake
Red Velvet Cheesecake with Buttercream Frosting,cake
Red Velvet Mug Cakes,cake
Gluten-Free Red Velvet Cake,cake
James Gang Red Velvet Cake,cake
Red Velvet Trifle,cake
Gooey Red Velvet Cheesecake Bars,cake
Jan's Red Velvet Swirl Pound Cake,cake
Perfect and Fast Red Velvet Cheesecake Cookie Bars,cake
Red Velvet Cake,cake
Applesauce Cake,cake
Apple Spice Cake,cake
Apple Funnel Cake,cake
German Apple Cake,cake
Apple Bundt Cake,cake
Debbie's Amazing Apple Bread,cake
Dutch Apple Pie with Oatmeal Streusel,cake
Jewish Apple Cake,cake
Cinnamon Toast Crunch Apple Dump Cake,cake
French Apple Cake,cake
Fresh Apple Walnut Cake,cake
Apple Cake,cake
Apple Coffee Cake,cake
Apple Crumble Coffee Cake,cake
Apple Cheesecake,cake
Apple Cinnamon Cake,cake
Super Duper Easy Apple Cake,cake
Jewish Apple Cake from Bubba's Recipe Box,cake
Moist Apple Cake,cake
Apple Cake with Caramel Glaze,cake
Dutch Apple Cake,cake
Yabluchnyk (Ukrainian Apple Cake),cake
Mother's Applesauce Cake,cake
Grandma's Fresh Apple Cake,cake
Apfelkuchen (Apple Cake),cake
Apple Streusel Pie,cake
Easy Apple Charlotte,cake
Never Fail Applesauce Spice Cake,cake
PHILLY Bavarian Apple Torte,cake
Applesauce Raisin Cake,cake
Easy German Apple Streusel Pie,cake
Apple Honey Bundt Cake,cake
French-Style Apple Rhubarb Cake,cake
Apple Dapple Cake,cake
Autumn Apple Cake,cake
Easiest Applesauce Cake,cake
Romanian Apple Cake,cake
Rhubarb Compote Cake,cake
Mom's Prize-Winning Raw Apple Cake,cake
Apple Streusel Bran Muffins,cake
Cinnamon Apple Cake (Hanukkah Cake),cake
Caramel Apple ?clair Cake,cake
Apple Frangipane Cake,cake
Raw Apple Cake,cake
Chocolate Chip Apple Cake,cake
Passover Apple Cake,cake
Pinto Bean Cake,cake
Streusel Apple Coffee Cake,cake
Apple Bavarian Torte,cake
Easy Apple Coffee Cake,cake
Fresh Apple Cake,cake
Baby Food Bundt Cake,cake
Moist Apple and Walnut Cake,cake
Sugarless Applesauce Cake,cake
Old-Fashioned Apple Cake,cake
Apple Cake with Cream Cheese Frosting,cake
Peach Pound Cake,cake
Marie's Peach Dump Cake,cake
Peach Kuchen,cake
Easy Peach Crisp,cake
Baltimore Peach Cake,cake
Peach Angel Food Cake,cake
Peach Cake,cake
Peach Jam Coffee Cake,cake
Peach Cobbler Coffee Cake,cake
Peach Jello Dump Cake,cake
Peach Financiers,cake
Peach and Plum Cake,cake
Peach Cobbler Cheesecake,cake
Slow Cooker Peach Upside-Down Cake,cake
Moist Peach Coffee Cake,cake
Easy Peach Cake,cake
Fresh Peach Cake,cake
Peach Cheesecake,cake
Moist Peach Upside Down Cake,cake
Moist Peach Pound Cake,cake
Grandma Sal's Peach Kuchen,cake
Peaches and Cream Cupcakes,cake
"Peach, Berry, and Rhubarb Dump Cake",cake
Peach Coffee Cake,cake
Crumb Coffee Cake with Peach Preserves,cake
Fresh Fruit Cake,cake
Kate's Peach Pound Cake,cake
Peach Cobbler Cookies,cake
Georgia Spiced Peaches,cake
Grilled Peaches and Cream,cake
Best Peach Ice Cream,cake
Easy Southern Peach Cobbler,cake
Sweet Tea Peaches,cake
Creamy No-Bake Peach Tart,cake
Grandma's Sheet Pan Peach Crisp,cake
Best Peach Cobbler Ever,cake
Peach Sorbet,cake
Blueberry Peach Crisp,cake
Grilled Fruit Kabobs,cake
Instant Pot Peach Cobbler,cake
Chef John's Peach Melba,cake
Country Peach Dumplings,cake
Peach Fritters,cake
Fresh Southern Peach Cobbler,cake
Air Fryer Grilled Peaches,cake
Mom's Peach Crisp,cake
Peach Pie the Old Fashioned Two Crust Way,cake
Quick and Easy Peach Cobbler,cake
Gluten-Free Peach Cobbler,cake
Old Fashioned Peach Cobbler,cake
Bisquick Peach Cobbler,cake
Pumpkin Roll,cake
Paul's Pumpkin Bars,cake
Pumpkin-Black Cocoa Swirl Cake,cake
Pumpkin Bars with Cream Cheese Frosting,cake
Pumpkin Squares,cake
Pumpkin Crumb Cake,cake
Pumpkin Cupcakes,cake
Pumpkin Dump Cake,cake
Pumpkin Crunch Cake,cake
Cream Cheese Pumpkin Roll,cake
Pumpkin Dessert,cake
Pumpkin Swirl Cheesecake,cake
Pumpkin Roll Cake,cake
Pumpkin Sheet Cake,cake
Perfect Pumpkin Cheesecake Bars,cake
Low-Carb Pumpkin Cheesecake Bars,cake
Marbled Pumpkin Cheesecake,cake
Mini Pumpkin Cheesecake,cake
Pumpkin Cheesecake,cake
Easy Pumpkin Cake,cake
Upside-Down Pumpkin Cake,cake
Walnut Pumpkin Roll,cake
Pumpkin Crunch,cake
Chocolate Pumpkin Cake,cake
Keto Pumpkin Cheesecake with Almond Pecan Crust,cake
Pumpkin Pie Cake,cake
Pumpkin Ginger Cupcakes,cake
Pumpkin Cheesecake Cupcakes,cake
Grandma Carol's Pumpkin Roll,cake
Pumpkin Spice Cake,cake
Pumpkin Crisp,cake
Pumpkin Chocolate Dessert Cake,cake
Walnut Streusel Pumpkin Bread,cake
How to Make Pumpkin Cheesecake,cake
Gluten Free Pumpkin Cheesecake,cake
Thanksgiving Pumpkin Slush Cake,cake
Pumpkin-Cream Cheese Bundt Cake,cake
Maple Pumpkin Cheesecake,cake
Pumpkin Funnel Cakes,cake
Pumpkin Pie Dump Cake,cake
Harvest Pumpkin Cupcakes,cake
Pumpkin Bundt Cake,cake
Pumpkin Crunch Cake with Cream Cheese Frosting,cake
Steamed Christmas Pudding,cake
Chocolate Pumpkin Bundt Cake,cake
Easy Pumpkin Pie Bars,cake
Pumpkin Walnut Cake,cake
Pumpkin Streusel Coffee Cake,cake
Pumpkin Tres Leches Cake,cake
Yummy Pumpkin Cheesecake Bars,cake
Pumpkin Swirled Cheese Cake,cake
Pumpkin Cheesecake with Sour Cream Topping,cake
Sour Cream Pumpkin Bundt Cake,cake
Pumpkin Caramel Bourbon Poke Cake,cake
Sour Cream-Pumpkin Bundt Cake with Pumpkin Glaze,cake
Lemon Zucchini Cake,cake
Zucchini Chocolate Chip Cake,cake
Zucchini Bars,cake
Zucchini Carrot Cake,cake
Zucchini Spice Cake,cake
Zucchini Bars with Spice Frosting,cake
Chocolate Zucchini Cupcakes,cake
Zucchini Bundt Cake,cake
Zucchini Cake,cake
Lemon Zucchini Bars,cake
Lemon Zucchini Texas Sheet Cake,cake
Zucchini Raspberry Cupcakes,cake
Chocolate Swirl Zucchini Sheet Cake,cake
Zucchini Cake with Cream Cheese Applesauce Icing,cake
Zucchini Walnut Carrot Cake,cake
Carrot Cake of My Dreams!,cake
Chocolate Apple Zucchini Picnic Cake,cake
Zucchini Nut Cake,cake
Chocolate Cream Cheese Cake,cake
Zucchini Kuchen (Gorgeous Zucchini Cake),cake
Easy Zucchini Bars,cake
Healthy-ish Chocolate Cake,cake
Fat-Free Lemon Blueberry Zucchini Cake,cake
Orange Poppy Seed Zucchini Cake,cake
Chocolate Chile Zucchini Cake,cake
Sneaky Mommy's Chocolate Zucchini Cake,cake
Sheet Pan Zucchini Carrot Cake,cake
Zucchini Cupcakes with Chocolate Chips,cake
Zucchini Chocolate Chip Cupcakes,cake
Old-Fashioned Rhubarb Cake,cake
Lemon Sheet Cake,cake
Sour Cream Coffee Cake,cake
Tres Leches (Milk Cake),cake
Polish Cherry Cake,cake
Carrot Cake,cake
Melt in Your Mouth Blueberry Cake,cake
Donauwelle (Danube Wave Cake),cake
Horchata Tres Leches Cake,cake
Pink Velvet Cake,cake
Sweet Potato Sheet Cake,cake
Oma's Rhubarb Cake,cake
Aunt Anne's Coffee Cake,cake
Butter Cake,cake
Coca Cola Cake,cake
Sam's Famous Carrot Cake,cake
Crazy Cake,cake
Peanut Butter Cake,cake
Moist Carrot Cake,cake
Black Magic Cake,cake
Tandy Cake,cake
Pastel de Tres Leches (Three Milk Cake),cake
Moist Zucchini Cake,cake
The Original Chocolate Chip Cookie Cake,cake
Granny Cake,cake
Queen Elizabeth Cake I,cake
Lemon Pudding Cake,cake
Best Moist Chocolate Cake,cake
"Grandma's Eggless, Butterless, Milkless Cake",cake
Lemon Cake From Scratch,cake
Cinnabon Cinnamon Roll Cake,cake
Grandma Snyder's Oatmeal Cake,cake
Easy Raisin Cake,cake
Delightfully Exotic Mango Cake,cake
Texas Tornado Cake,cake
Carrot Cake with Cream Cheese Frosting,cake
Amazing Chocolate Quinoa Cake!,cake
Snickerdoodle Cake I,cake
Easy Strawberry Yogurt Cake,cake
Easy Pineapple Cake,cake
Pineapple Upside Down Cupcakes,cake
Pineapple Angel Food Cake,cake
Pineapple Upside-Down Bundt Cake,cake
Pineapple Upside-Down Cake From Dole,cake
Precious Pineapple Cake,cake
Pineapple Pound Cake,cake
Chef John's Carrot Cake,cake
Carrot Pineapple Cake,cake
Carrot Pineapple Cupcakes,cake
Hawaiian Wedding Cake,cake
Crushed Pineapple Fruitcake,cake
Pineapple Pecan Cake,cake
Piña Colada Rum Cake,cake
Cherry Pineapple Dump Cake,cake
Tropical Hawaiian Wedding Cake,cake
Pineapple Cheesecake Squares,cake
Piña Colada Cheesecake,cake
Carrot Cake with Crushed Pineapple and Pecans,cake
Pecan Pineapple Coffee Cake,cake
Carrot Cake with Pineapple Cream Cheese Frosting,cake
Pineapple Poke Cake,cake
Rum-Pineapple Pound Cake,cake
Hawaiian Cheesecake,cake
Pineapple-Cherry Upside-Down Cake,cake
Hawaiian Cake,cake
Campfire Pineapple Cakes,cake
Hummingbird Cupcakes,cake
Pineapple Cupcakes with Buttercream Frosting,cake
Slow Cooker Cherry and Pineapple Delight,cake
Pineapple-Lime Impossible Cake,cake
Pineapple-Nut Cake,cake
Tropical Island Bundt® Cake,cake
Strawberry Shortcake,cake
Easy Strawberry Shortcake,cake
Strawberry Crumb Cake,cake
Strawberry Tres Leches Cake,cake
Strawberry Crunch Cake,cake
Fresh Strawberry Coffee Cake,cake
Chef John's Strawberry Crêpe Cake,cake
Rhubarb and Strawberry Dump Cake,cake
Real Strawberry Cupcakes,cake
Strawberry Dump Cake,cake
Strawberry Delight Cake,cake
Strawberry Spoon Cake,cake
Strawberry Cake with Jell-O,cake
Strawberry Lemonade Cake,cake
Strawberry Cake and Frosting,cake
Best Chocolate Mousse Cake,cake
Super-Easy Strawberry Shortcake,cake
Strawberry Torte,cake
Strawberry Cream Cheese Pound Cake,cake
Really Real Strawberry Cupcakes,cake
Strawberry Sheet Cake,cake
Strawberry Rhubarb Coffee Cake,cake
Strawberry Dream Cake,cake
Strawberry Refrigerator Cake,cake
Strawberry Cream Roll,cake
Strawberry Marble Cake,cake
Strawberries and Cream Cake,cake
Amazing Strawberry Pound Cake,cake
Strawberry Nesquik Layer Cake,cake
Strawberry Pound Cake,cake
French Strawberry Cake,cake
White Chocolate Strawberry Cake,cake
Fresh Strawberry Cake,cake
Strawberry Poke Cake,cake
Strawberry Roll Cake,cake
Strawberry Rhubarb Buckle,cake
Frozen Strawberry Cake,cake
German Strawberry Roll,cake
Strawberry Shortcake Cupcakes,cake
Classic Yule Log,cake
Tres Leches Cake,cake
Sticky Toffee Pudding,cake
Caramel Cake,cake
Easy Plum Cake,cake
Pandan Chiffon Cake,cake
Best Victoria Sponge Cake,cake
Victoria Sponge Cake,cake
Orange Sponge Cake,cake
Mamon (Sponge Cakes),cake
Simple Sponge Cake,cake
Egg-Yolk Sponge Cake,cake
Cassata Cake,cake
Genoise,cake
Hot Milk Sponge Cake I,cake
Chinese Steamed Cake,cake
Passover Sponge Cake,cake
Simple and Delicious Sponge Cake,cake
Latvian Honey Cake,cake
Tres Leches Cake (Three Milks Cake),cake
Triple Chocolate Roll Cake,cake
Chocolate Decadence Yule Log,cake
Steamed Sponge Cake,cake
Best Ever Chocolate Sponge Cake,cake
Tres Leches Cake with Dulce de Leche,cake
Vanilla Madeira Cake,cake
Emily's Famous Tiramisu,cake
Walnut-Cream Roll,cake
Cherry Glazed Sponge Cake,cake
G's Tres Leches Cake,cake
Passover Lemon Sponge Cake,cake
Chocolate Passover Sponge Cake,cake
Gone with the Wind Cake,cake
Serano Chocolate Cake,cake
Lazy Dazy Cake I,cake
Microwave Gluten-Free Fluffy Sponge Cake,cake
Homemade Cream Filled Individual Sponge Cakes,cake
Almond Sponge Cakes with Nutella® hazelnut spread,cake
Berries and Cream Shortcake On The Go,cake
Sunshine Cake,cake
Lemon Blueberry Coffee Cake,cake
Lemon Blueberry Pound Cake,cake
Blueberry Pound Cake,cake
Blueberry Coffee Cake,cake
Blueberry Lemon Cake with Buttercream Frosting,cake
Blueberry Cheesecake,cake
Blueberry Sour Cream Coffee Cake,cake
No-Bake Greek Yogurt Cheesecake,cake
Mini Cheesecakes from Philadelphia,cake
No-Bake Cheesecake Flag Cake,cake
Sugar Free Blueberry Coffee Cake,cake
Philadelphia Double-Chocolate Cheesecake,cake
Blueberry Cream Cheese Pound Cake I,cake
No-Bake Blueberry Cheesecake,cake
Berry Trifle,cake
Blueberry Buttermilk Coffeecake,cake
Blueberry-Pineapple Dump Cake,cake
Blueberry Muffin Cake,cake
Nova Scotia Blueberry Cream Cake,cake
Blueberry Bottom Cake,cake
Blueberry Boy Bait,cake
Fruit Galore Sponge Cake,cake
Blueberry Pudding with Hard Sauce,cake
Sour Cream Blueberry Coffee Cake,cake
"Red, White, and Blue Dump Cake",cake
Blueberry Ricotta Squares,cake
Blueberry Streusel Cobbler,cake
All-American Flag Cake,cake
Blueberry Poke Cake,cake
White Chocolate Blueberry Cheesecake,cake
Fresh Blueberry Cake,cake
Yummy Blueberry Breakfast Cake,cake
Lemon Souffle Cheesecake with Blueberry Topping,cake
Pear and Blueberry Cake,cake
Blueberry Shortbread Cheesecake,cake
Blueberry Streusel Muffins with Yogurt,cake
Blueberry Streusel Muffins,cake
Sheet Pan Blueberry Muffin Tops,cake
Blueberry Crumb Cake,cake
Baked Blueberry Cheesecake,cake
Lemon-Blueberry Loaf,cake
Blueberry Gingerbread,cake
Lemon-Blueberry Bundt® Cake,cake
Quick Blueberry Sheet Cake,cake
Ricotta Pound Cake with Lemon and Blueberries,cake
Blueberry Yogurt Pound Cake,cake
Blueberry Bundt Cake,cake
Eggless Coffee Cake,cake
Strawberry Lemonade Poke Cake,cake
Lemon Poke Cake,cake
Pudding Poke Cake,cake
Butterfinger Cake,cake
How to Make Tres Leches Cake,cake
Jello Poke Cake,cake
Banana Pudding Poke Cake,cake
Refreshing Limoncello Cake,cake
Easy Banana Pudding Cake Recipe,cake
Holy Cow Cake,cake
Easy Boston Cream Poke Cake,cake
Cherry Poke Cake,cake
Boozy Irish Whiskey Cake,cake
Best Ever Piña Colada Cake,cake
Cinnamon Honeybun Cake,cake
Grandma's Honey Bun Cake,cake
Lemon Curd Poke Cake,cake
Lemon Pudding Poke Cake,cake
Tiramisu Poke Cake,cake
Pop Cake,cake
Heavenly Lemon Cake,cake
Pistachio Poke Cake,cake
Triple Berry Cheesecake Poke Cake,cake
Key Lime Poke Cake,cake
Strawberries and Cream Baileys Poke Cake,cake
Poke Cake I,cake
Salmonberry Cake,cake
Chocolate Poke Cake,cake
Nasty Cake,cake
Strawberry-Lemon Poke Cake,cake
Delicious Caramel Apple Poke Cake,cake
Eggnog Poke Cake (Tres Leches Style),cake
Tudy's Key Lime Pie Poke Cake,cake
Eggnog Poke Cake,cake
Cake Balls,cake
Pretty Cake Pops,cake
Cheesecake Pops Recipe,cake
No-Bake Baileys Cheesecake Balls,cake
Chocolate Cake Pops,cake
Lemon Cake Pops from Scratch,cake
Pancake Poppers,cake
Cherry Cheesecake Balls,cake
Ice Cream Sandwich Cake Pops,cake
Brownie Pops,cake
Peanut Butter Cheesecake Bites,cake
Minions Marshmallow Pops,cake
Tiramisu Cake Balls,cake
No Egg Chocolate Mug Cake,cake
Microwave Nutella® Mug Cake,cake
Coffee Mug Cake,cake
Chocolate Ice Cream Mug Cake,cake
Vegan Mug Cake,cake
Coffee Cake in a Mug,cake
Fudgy Nutella Mug Cake,cake
No-Egg Blueberry Mug Cake,cake
Healthy Rhubarb Cake in a Mug,cake
Banana Mug Cake,cake
Lemon Mug Cake,cake
Lazy Keto Maple-Vanilla Mug Cake,cake
Paleo Chocolate Lover's Mug Cake,cake
Mexican Chocolate/Salted Caramel Cake in a Mug,cake
Chocolate Cake in a Mug,cake
Easy Coffee Mug Cake,cake
Zucchini Bread in a Mug,cake
PB and J Mini Mug Cakes,cake
Best Ever Vegan Chocolate Mug Cake,cake
Poppy Seed and Walnut Roll,cake
Chocolate Swiss Roll,cake
Bûche de Noël,cake
Carrot Cake Roll,cake
Chocolate Yule Log,cake
Jelly Roll,cake
Chocolate Roll I,cake
Yule Log Cake,cake
Tiger Skin Chiffon Cake Roll,cake
Brazo Gitano de Guayaba (Jelly Roll with Guava),cake
Nutella Roll,cake
Coffee Cake Roll,cake
Buche de Noel (Yule Log),cake
Pumpkin Roll with Ginger and Pecans,cake
Pumpkin Log Roll,cake
Chocolate-Banana Cake Roll,cake
Pumpkin Roll Supreme,cake
Jane's Jelly-Filled Vanilla Cake Roll,cake
Cranberry Cake Rolls,cake
Grandma's Spiced Gingerbread Roll,cake
Granny Kat's Pumpkin Roll,cake
Tammy's Pumpkin Roll,cake
Homemade Pound Cake,cake
Easy Cream Cheese Pound Cake,cake
Fresh Lemon Bundt Cake,cake
Fresh Pear Cake,cake
Lemon Raspberry Bundt Cake,cake
Churro Bundt Cake,cake
Gingerbread Bundt Cake,cake
Sweet Potato Pound Cake,cake
Kentucky Butter Cake,cake
Sour Cream Pound Cake,cake
Honey Bun Cake from Scratch,cake
Impossible Cake,cake
Pecan Sour Cream Pound Cake,cake
Orange Pound Cake,cake
Lemon Sour Cream Cake,cake
World's Best Sweet Potato Pound Cake,cake
Orange Marmalade Cake,cake
Air-Fried Butter Cake,cake
Cranberry Orange Cake,cake
Tunnel of Fudge Cake,cake
The Best Pound Cake,cake
Moist Holiday Honeycake,cake
Italian Lemon Coffee Cake,cake
Sour Cream Bundt Coffee Cake,cake
Old-Fashioned Brown Sugar Cake,cake
Sausage Cake,cake
Caramel Apple Bundt Cake,cake
Lemon Cream Bundt Cake,cake
Lemon Poppy Seed Cake,cake
Cranberry Apple Cake,cake
Carrot Bundt Cake with Orange-Bourbon Glaze,cake
Carrot Bundt Cake with Cream Cheese Filling,cake
Irish Dairy Cake,cake
Super Moist Chocolate Bundt® Cake,cake
Apricot Jam Cake,cake
S'mores Cupcakes,cake
Johns Creek Chocolate Cupcakes,cake
Chocolate Cupcakes,cake
Red Velvet Cupcakes,cake
Lemon Cupcakes,cake
Creepy Halloween Skull Cupcakes,cake
Black Bottom Cupcakes,cake
Best Carrot Cake Cupcakes,cake
Wild Blueberry Lemon Crumb Cakes,cake
Boston Cream Pie Cupcakes,cake
Vanilla Bean Cupcakes with Espresso Frosting,cake
Rhubarb Upside-Down Cupcakes,cake
Vegan Cupcakes,cake
Vanilla Cupcake,cake
Quick and Simple Fairy Cakes,cake
Cream-Filled Cupcakes,cake
Brownie Cupcakes,cake
Strawberry Cheesecake Bites,cake
Ginny's Mini Cheesecakes,cake
Cookie Dough Cupcakes,cake
Moist Vanilla Cupcakes,cake
OREO Mini PHILLY Cheesecakes,cake
Pound Cake Cupcakes,cake
Cheesecake Cupcakes,cake
Real Pistachio Cupcakes,cake
Cream Cheese Cupcakes,cake
Easy Chocolate Cupcakes,cake
Cupcake Princess' Vanilla Cupcakes,cake
Pecan Pie Cupcakes,cake
Yazdi Cakes,cake
Bloody Broken Glass Cupcakes,cake
Cream Cheese-Filled Cupcakes,cake
Vanilla Coconut Flour Cupcakes,cake
Chocolate Surprise Cupcakes,cake
Toasted Marshmallow Cupcakes,cake
Christmas Reindeer Cupcakes,cake
Mini Christmas Cakes,cake
Cherry Cheesecake Cupcakes,cake
Brownie Cheesecake Cupcakes,cake
Dark Chocolate Bacon Cupcakes,cake
Peanut Butter Cupcakes,cake
Vanilla Cupcakes with Swiss Meringue Buttercream,cake
Double-Layer Pumpkin Cheesecake,cake
Mardi Gras King Cake,cake
Hummingbird Cake,cake
Best Carrot Cake Ever,cake
Mini Cheesecakes,cake
Old-Fashioned Carrot Pudding,cake
Gingerbread Cake with Lemon Glaze,cake
Chantal's New York Cheesecake,cake
Italian Cream Cheese and Ricotta Cheesecake,cake
Cherry Cheesecake,cake
Ricotta Pie (Old Italian Recipe),cake
Incredibly Delicious Italian Cream Cake,cake
Best Boiled Fruitcake,cake
Sharon's Jamaican Fruit Cake,cake
Five Flavor Pound Cake,cake
Persimmon Pudding,cake
Figgy Pudding,cake
Dundee Cake,cake
Pecan Sour Cream Coffee Cake,cake
Chocolate Chip Cheesecake,cake
Lemon Pound Cake with Aunt Evelyn's Lemon Glaze,cake
Christmas Cake,cake
Tiramisu Cheesecake,cake
Eggnog Cheesecake,cake
Dobos Torte,cake
Orange Slice Cake,cake
Six-Egg Pound Cake,cake
Easter Lamb Cake,cake
Old-Fashioned Carrot Cake,cake
Easy Carrot Cake,cake
One Egg Lemon Pound Cake,cake
Christmas Plum Pudding,cake
Sweet Potato Cheesecake,cake
Classic Sour Cream Pound Cake,cake
Deep South Eggnog Cake,cake
Suet Pudding,cake
Chef John's Chocolate Lava Cake,cake
Almond Ricotta Cake,cake
Lemon Ricotta Cake,cake
Simple Lemon Cake,cake
Lemon Raspberry Cake,cake
Limoncello Poppy Seed Chiffon Cake,cake
Whole Lemon Blender Cake,cake
Lemon Crumb Cake,cake
Blueberry-Lemon Breakfast Cake,cake
Limoncello Ricotta Cake,cake
Easy Lemon Blueberry Layer Cake,cake
Easy Lemon-Blueberry Bundt Cake,cake
Lemon Meringue Cheesecake,cake
Lemon Loaf Cake,cake
Lemon Drizzle Cake,cake
Lemon Blueberry Cake,cake
Best Ever Lemon Drizzle Cake,cake
Lemon Cheese Cake,cake
Lemon Glazed Cake,cake
Yogurt Cake,cake
Italian Lemon Cream Cake,cake
Old-Fashioned Lemon Pound Cake,cake
Mom's Cheesecake Cookie Bars,cake
Zesty Lemon Loaf,cake
Lemon Poppy Seed Bundt Cake,cake
Lemon Custard Pudding Cake,cake
Lemon Poppy Seed Loaf,cake
No-Bake Lemon Cheesecake,cake
Lemon Bundt Cake,cake
Moist Lemon Poppy Seed Cake,cake
Easy Lemon Cake,cake
Irish Whiskey Cake,cake
Lemon Cooler Cream Cake,cake
Lemon Cheesecake,cake
Marshmallow Cake,cake
Easy Lemon Curd Pound Cake,cake
Sour Cream Lemon Pound Cake,cake
Lemonade Cake,cake
Lemon Dump Cake,cake
Lemon-Filled Cupcakes,cake
Glazed Lemon Supreme Pound Cake,cake
Lemon Cupcake with Blackberry Buttercream,cake
Easy Lemon Lover's Bundt Cake,cake
Gooey Butter Cake,cake
Better Than Sex Cake,cake
Too Much Chocolate Cake,cake
Mom's Rum Cake,cake
Dirt Cake,cake
Sock it to Me Cake,cake
Grandma's Pumpkin Something,cake
Blackberry Dump Cake,cake
Cinnamon Roll Dump Cake,cake
Peach Dump Cake,cake
Dump Cake,cake
Mandarin Orange Cake,cake
Easy Bunny Cake,cake
Kitty Litter Cake,cake
Apple Dump Cake,cake
Michelle's Honeybun Cake,cake
Death By Chocolate Trifle,cake
Key Lime Cake,cake
Chocolate Flan Cake,cake
Tiramisu Cake,cake
Ice Cream Cake,cake
Pig Pickin' Cake,cake
No-Fail Pound Cake,cake
Ooey Gooey Butter Cake,cake
Thirty-Day Friendship Cake,cake
Earthquake Cake,cake
Orange Cake,cake
Southern Chess Squares,cake
Chess Cake,cake
Easy Chocolate Chip Pound Cake,cake
Quick Black Forest Cake,cake
Chocolate Tres Leches Cake,cake
Chocolate Kahlua Cake,cake
Mango Cheesecake,cake
Sopapilla Cheesecake Pie,cake
Strawberry Oreo Cheesecake,cake
Churro Cheesecake Bars,cake
Perfect Cheesecake with Strawberry Topping,cake
Chocolate Cherry Cheesecake,cake
Our Best Cheesecake,cake
Mini No-Bake Cheesecakes,cake
Best No-Bake Chocolate Cheesecake,cake
Chocolate Strawberry Cheesecake,cake
Air Fryer Turtle Cheesecake,cake
Best No-Bake Cherry Cheesecake,cake
White Chocolate Raspberry Cheesecake,cake
No-Bake Cheesecake with Cool Whip,cake
Sweet Potato Casserole Cheesecake,cake
Butternut Squash Cheesecake,cake
"Red, White, and Blue Cheesecake Bites",cake
Baileys Cheesecake,cake
Chocolate Pistachio Cheesecake,cake
Halloween Mini Cheesecakes,cake
Ube Cheesecake,cake
Pecan Pie Cheesecake,cake
Philadelphia Classic Cheesecake,cake
Oreo Cheesecake,cake
Strawberry Cheesecake,cake
Cheesecake in a Jar,cake
Key Lime Cheesecake,cake
Best No-Bake Cheesecake,cake
New York-Style Cheesecake,cake
Easy No-Bake Cheesecake,cake
Basque Cheesecake,cake
Easy Sour Cream Cheesecake,cake
No-Bake Cheesecake with Condensed Milk,cake
No-Bake Cheesecake with Cool Whip and Apples,cake
Creamy Baked Cheesecake,cake
No-Bake Oreo Cheesecake,cake
New York Cheesecake,cake
Classic Philadelphia New York Cheesecake,cake
Zucchini Coffee Cake,cake
Oatmeal Coffee Cake with Pecan Streusel,cake
Pumpkin Coffee Cake with a Brown Sugar Glaze,cake
Fresh Berry Coffeecake,cake
Cinnamon Streusel Coffee Cake,cake
Date Cake,cake
Cinnamon Swirl Bundt Coffee Cake,cake
Buttery Cinnamon Cake,cake
Bisquick Coffee Cake,cake
Vasilopita - Greek New Years Cake,cake
Oatmeal Cake,cake
Quick Coffee Cake,cake
Old Fashioned Prune Cake,cake
Polish Cream Cheese Coffee Cake,cake
Fresh Fig Cake,cake
Simple Buttermilk Coffee Cake,cake
Dried Cherry Cake,cake
Jewish Coffee Cake,cake
Plum Cake,cake
Eggless Date Cake,cake
Walnut Sour Cream Coffee Cake,cake
Plum Kuchen,cake
Overnight Coffee Cake,cake
Old Fashioned Crumb Cake,cake
Butterkuchen,cake
Irish Coffee Cake,cake
Cranberry Swirl Coffee Cake,cake
Amazing Pecan Coffee Cake,cake
Amish Friendship Cake,cake
Almond Rhubarb Coffee Cake,cake
Chocolate Chip Coffee Cake,cake
Raspberry Cream Cheese Coffee Cake,cake
Cranberry Sour Cream Kuchen,cake
Raspberry Almond Coffee Cake,cake
Cinnamon Roll Swirl Coffee Cake,cake
Quick and Easy British Fruitcake,cake
Boiled Fruit Cake,cake
Fruitcake,cake
White Fruitcake,cake
Maritime War Cake,cake
No Bake Fruitcake,cake
Ice Box Fruitcake,cake
Gumdrop Cake,cake
Gluten-Free Fruitcake,cake
Japanese Fruit Cake,cake
Poor Man's Cake,cake
Trinidad Black Cake,cake
Holiday Bourbon Fruitcake,cake
Quick Fruitcake,cake
Christmas Nut Cake,cake
Never Fail Fruit Cake,cake
Easter Simnel Cake,cake
Applesauce Fruitcake,cake
Grandma Leone's Fruit Cake,cake
Mrs. Walker's Fruit Cake,cake
Pangiallo laziale (Italian Christmas Cakes),cake
Grandma Leach's Fruitcake,cake
Smart Cookie Fruitcake,cake
Grandma Bettie's Light Fruit Cake,cake
Barm Brack,cake
Elegant Light Fruit Cake,cake
Best Christmas Fruitcake,cake
Kentucky Bourbon Cake,cake
Christmas Wreath Cake,cake
English Walnut Date Cake,cake
Festive Fruitcake I,cake
Apricot Fruitcake,cake
Christmas Cheesecake Bars,cake
Golden Rum Cake,cake
Mulled Wine Cake,cake
Japanese Christmas Cake,cake
Philly Fluff Cake,cake
Rose Petal Pound Cake,cake
Quesadilla Salvadoreña,cake
Grandmother's Pound Cake,cake
Buttermilk Pound Cake,cake
Kentucky Blue Ribbon All-Butter Pound Cake,cake
Battenburg Cake,cake
Brown Sugar Pound Cake I,cake
Cream Cheese Pound Cake with Lemon Glaze,cake
German Marble Cake,cake
Cream Cheese Pound Cake I,cake
Cherry Pound Cake,cake
Whipping Cream Pound Cake,cake
Cherry Cream Cheese Cake,cake
Mom's Margarine Cake,cake
Caramel Pound Cake,cake
Cold Oven Pound Cake,cake
Ultimate Butter Pound Cake,cake
Marble Swirl Pound Cake,cake
Seven-Up Pound Cake,cake
Barbadian Plain Cake,cake
Butter Pound Cake,cake
Butternut Pound Cake,cake
Greek Lemon Cake,cake
Grandma Ruby's Buttermilk Pound Cake,cake
Yellow Pound Cake,cake
Jan's Dark Chocolate Swirl Pound Cake,cake
Peanut Butter Pound Cake,cake
"Moist, Tender Spice Cake",cake
Sugar-Free Cake,cake
Great Canadian Heinz Ketchup Cake,cake
Carrot Cake with PHILLY Cream Cheese Icing,cake
Tomato Soup Cake,cake
Apple Butter Spice Cake,cake
Green Tomato Cake,cake
Sour Milk Spice Cake,cake
Ginger Malva Pudding,cake
Molasses Cake,cake
Guava Cake,cake
Depression Cake I,cake
Coconut-Topped Oatmeal Cake,cake
Georgia's Tennessee Jam Cake,cake
Boscobel Beach Ginger Cake,cake
Gingerbread I,cake
Fig Spice Cake,cake
Spicy Apple Cake,cake
Glazed Fig Cake,cake
Mexican Chocolate Cake,cake
Kim's Buttermilk Spice Cake,cake
Cinnabon® Cupcakes,cake
Fabulous Oatmeal-Bran Cake,cake
A Plus Carrot Cake,cake
Raisin Cake,cake
Chocolate Zucchini Cake,cake
Honey Loaf Cake,cake
Grandma Ruby's Prune Cake,cake
Nutmeg Feather Cake,cake
Easy Pumpkin Bars,cake
War Cake,cake
"Moist, Tender Spice Cake: Gingerbread Variation",cake
Colonial Pumpkin Bars,cake
Eggless Milkless Butterless Cake,cake
Grandma's Wonderful Picnic Cake,cake
Orange Spice Garbanzo Cake,cake
Galette des Rois,cake
Fourteen Layer Chocolate Cake,cake
Passover Chocolate Torte,cake
Sacher Torte,cake
French Chocolate Cake,cake
Streamline Hungarian Torte,cake
Sybil's Old Fashioned Lemon Layer Cake,cake
Käsesahnetorte (German Yogurt Mousse Cake),cake
No Bake Lime Mousse Torte,cake
Hungarian Chestnut Cake,cake
Brownie Torte,cake
Ukrainian Prune Torte,cake
Raspberry Walnut Torte,cake
Passover Double Chocolate Almond Torte,cake
Chocolate Bar Torte,cake
Rhubarb Torte,cake
Plum Torte,cake
Bavarian-Style Apple Torte,cake
Elegant Southern Jam Cake,cake
The Best Chocolate Souffle Torte,cake
Fabienne's Gluten-Free Raspberry Almond Cake,cake
Cream Cake,cake
White Chocolate Cake,cake
Orange Vegan Cake,cake
Easy Yogurt Cake,cake
Vegan Basic Vanilla Cake,cake
Canadian Flag Cake,cake
Lori's White Cake,cake
Rainbow Cupcakes,cake
Fresh Cherry Cake,cake
Smash Cake,cake
Toasted Marshmallow Cake,cake
Silver White Cake,cake
Wonderful Yogurt Cake,cake
Alaska Sheet Cake,cake
Easter Lamb Cake I,cake
Nany's White Cake,cake
Easy Birthday Cake,cake
White Chocolate Cream Cake,cake
Minnehaha Cake,cake
Russian Apple Cake,cake
Dinette Cake,cake
Clara's White German Chocolate Cake,cake
Perfect Birthday Cake,cake
Pineapple Picnic Cake,cake
Cute Bunny Cupcakes,cake
End of the Rainbow Cake,cake
Basic Skillet Cake,cake
Easy Vanilla Cake,cake
Lamingtons,cake
Irish Tea Cake,cake
Homemade Vanilla Cake,cake
Grandma's Moist Cake,cake
Nana's Old Fashioned Jelly Cake,cake
Beat and Bake Orange Cake,cake
Boston Cream Pie I,cake
Fabulously Sweet Pear Cake,cake
Boston Cream Pie,cake
Four Egg Yellow Cake,cake
Sock it to Me Cake V,cake
Gluten-Free Yellow Cake,cake
Easy Heart-Shaped Cake,cake
Lazy Daisy Cake,cake
Lord Baltimore Cake,cake
Gold Cake,cake
Homemade Yellow Cupcakes,cake
Vanilla Cake,cake
Easy Gluten-Free Yellow Birthday Cake,cake
Yellow Cake,cake
Scottley's Basic Yellow Cake,cake
Blue Suede Cake,cake
Bailey's Irish Cupcakes,cake
Aunt Mary's Delicious Bunny Cake,cake
Ultimate Coconut Cake,cake
Lemon Plum Cake,cake
Ricotta Berry Cake,cake
Best High-Altitude Birthday Cake,cake
Yellow Clooney Cake,cake
Golden Cakes,cake
Easy Surprise Cake,cake
Mini Egg Cupcakes,cake
German Chocolate Cupcakes,cake
Black Forest Cake Icing,cake
Easy Microwave Chocolate Mug Cake,cake
Chocolate Cherry Cake,cake
Espresso Bundt Cake,cake
Espresso Cake,cake
Chocolate Stout Cake,cake
Chocolate Snack Cake,cake
Torta Caprese (Italian Flourless Chocolate Torte),cake
S'mores Cake,cake
Chocolate Beet Cake with Beet-Vanilla Glaze,cake
Checkerboard Cake,cake
Black Forest Cake,cake
Vegan Chocolate Cake,cake
Flourless Chocolate Cake,cake
Wacky Cake,cake
Easy Microwave Chocolate Cake,cake
Lava Cake,cake
The Real Red Velvet Cake,cake
"Egg-Free, Dairy-Free, Nut-Free Cake",cake
Amazing Slow Cooker Chocolate Cake,cake
Chocolate Mocha Cake I,cake
Eggless Chocolate Cake,cake
Dark Chocolate Cake I,cake
Swedish Sticky Chocolate Cake (Kladdkaka),cake
Chocolate Mayo Cake,cake
Carrot Cake Bars,cake
Carrot Apple Cake with Cream Cheese Frosting,cake
Easy Gluten-Free Carrot Cake,cake
Isaac's Carrot Cake,cake
Grandma's Carrot Cake,cake
Lite Carrot Cake,cake
Brazilian Carrot Cake,cake
Healthier Carrot Cake,cake
Carrot Cake Cheesecake,cake
Honey Carrot Cake,cake
A Very Moist Carrot Cake,cake
Easy Carrot Cake Bars,cake
Pat's Award Winning Carrot Cake,cake
Cranberry Carrot Cake,cake
Purple Carrot Cake,cake
Mini Carrot Cake Loaves,cake
Flax Seed Carrot Cake,cake
Vegan Carrot Cake,cake
Quick Blender Carrot Cake,cake
Santa Fe Carrot Cake,cake
Sister Beth's Carrot Cake,cake
Carrot Sheet Cake,cake
Family-Favorite Gluten-Free Carrot Cake,cake
Swiss Carrot Cake,cake
Skinny Carrot Cake,cake
Swiss Almond Carrot Cake (Aargauer Rueblitorte),cake
Carrot Cake with Bourbon Cheesecake Swirl,cake
Brazilian-Style Carrot Cake with Chocolate Sauce,cake
Beet and Carrot Cake,cake
Spicy Carrot Cake,cake
Royal Icing,cake
Sugar Cookie Icing,cake
White Chocolate Buttercream,cake
Homemade Whipped Cream,cake
Basic Cream Cheese Frosting,cake
English Lemon Curd,cake
Best Chocolate Cream Cheese Frosting,cake
Chocolate-Raspberry Icing,cake
Williamsburg Orange Butter Frosting,cake
German Chocolate Cake Frosting,cake
Fluffy Peanut Butter Frosting,cake
Chocolate Ganache,cake
Perfect Cinnamon Roll Icing,cake
Lemon Icing,cake
Whipped Cream Cream Cheese Frosting,cake
Creamy Chocolate Frosting,cake
Best Chocolate Frosting,cake
The Best Chocolate Glaze,cake
Creamy Frosting,cake
Gingerbread Cookie Frosting,cake
Caramel Frosting,cake
Vanilla Chantilly Cream,cake
Good Meringue,cake
One Minute Chocolate Icing,cake
Satiny Chocolate Glaze,cake
Sturdy Whipped Cream Frosting,cake
Strawberry Pie Filling,cake
Cream Cheese Frosting,cake
Lemon Cream Cheese Frosting,cake
Real Strawberry Frosting,cake
Mincemeat,cake
Cream Cheese Frosting without Powdered Sugar,cake
Fluffy White Frosting,cake
Butter Icing for Sugar Cookies,cake
Easy Chocolate Bundt Cake Glaze,cake
Fresh Lime Curd,cake
Homemade Chocolate Frosting,cake
Sugar Cookie Glaze,cake
Cool Whipped Frosting,cake
Mascarpone Frosting,cake
Glossy Royal Icing,cake
Simple Orange Glaze,cake
Anko (Sweet Red Bean Paste),cake
Chocolate Frosting with Cocoa Powder,cake
Cheese Filling,cake
Buttercream Icing,cake
Dairy-Free Vanilla Frosting,cake
Bavarian Cream,cake
Coconut Pecan Frosting,cake
Holland Cream (White Cream Filling),cake
Microwave Lemon Curd,cake
Best Buttercream Frosting,cake
No-Cook Icing,cake
Easy Royal Icing,cake
Chef John's Apple Butter,cake
Brownie Frosting,cake
Best White Icing Ever,cake
Lemon Custard Filling,cake
The Best Chocolate Cheesecake,cake
Easy Chocolate Chip Cookie Dough Cheesecake,cake
PHILADELPHIA Chocolate-Vanilla Swirl Cheesecake,cake
Turtles Cheesecake,cake
Chocolate Caramel Cheesecake,cake
Chocolate Cappuccino Cheesecake,cake
Irish Cream Chocolate Cheesecake,cake
Brownie Caramel Cheesecake,cake
Black Forest Cheesecakes,cake
Cannoli Cheesecake,cake
Amy's Marvelous Marbled Cheesecake,cake
Chocolate Cookie Cheesecake,cake
Oreo Mini Cheesecakes,cake
Chocolate Mousse Cheesecake,cake
Chocolate Raspberry Cheesecake,cake
Toffee Bar Cheesecake,cake
Chocolate Cheesecake,cake
Chocolate Turtles Cheesecake,cake
Frozen Peanut Butter Cheesecake,cake
Oreo Ultimate Turtle Cheesecake,cake
Mississippi Mud Cheesecake,cake
Canada Day Nanaimo Bar Cheesecake,cake
Peanut Butter Cheesecake,cake
Baileys Chocolate Chip Cheesecake,cake
Nutella Cheesecake,cake
Ostkaka (Swedish Cheesecake),cake
Orange Chocolate Swirl Cheesecake,cake
Guinness and Chocolate Cheesecake,cake
Candy Cane Cheesecake,cake
Master Recipe for Rich and Creamy Cheesecake,cake
Fudge Truffle Cheesecake,cake
Simple Chocolate Chip Cheesecake,cake
Chocolate-Peppermint Cheesecake,cake
White Chocolate Key Lime Cheesecake,cake
Passover Chocolate Cheesecake,cake
Chocolate Bliss Cheesecake,cake
PHILLY Chocolate Turtles Cheesecake,cake
Orange Citrus Cheesecake,cake
Snickers Cheesecake,cake
The Best Vanilla Bean Cheesecake,cake
White Russian Cheesecake,cake
Chocolate Lovers Cheesecake,cake
Chocolate Chip Cookie Dough Cheesecake,cake
Easy Chocolate-Raspberry Cheese Pie,cake
Pumpkin Cheesecake Enchiladas,cake
Keto Mini Pumpkin-Pecan Cheesecakes,cake
Pumpkin Layer Cheesecake,cake
Pumpkin Cheesecake Bars with Streusel,cake
Easy Pumpkin Cheesecake Bars,cake
Perfectly Simple Pumpkin Cheesecake,cake
Pumpkin Spice Latte Bars,cake
Best Pumpkin Cheesecake,cake
Pumpkin Pecan No-Bake Cheesecake Pie,cake
Pumpkin Cheesecake Squares,cake
Brooke's Layered Pumpkin-Pecan Cheesecake,cake
Spiderweb Pumpkin Cheesecake,cake
Spiced Pumpkin Cheesecake Cupcakes,cake
Pumpkin Pie No-Bake Cheesecake,cake
Double Layer Pumpkin Pie Cheesecake,cake
No-Bake Layered Pumpkin Spice Cheesecake,cake
Smart Cookie's Spiderweb Pumpkin Cheesecake,cake
Pumpkin Tahini Cheesecake,cake
Pumpkin Cheesecake in a Gingersnap Crust,cake
Easy Pumpkin Cheesecake,cake
Opal's Cherry Delight,cake
Best Cherry Cheesecake,cake
No Bake Strawberry Cheesecake,cake
No Bake Sugar Free Cheese Cake,cake
Berry Bliss Cheesecake,cake
No-Bake Cheesecake with Gelatin,cake
Strawberry Cheesecake in a Jar,cake
Easy Peach Cheesecake,cake
Avocado Cheesecake with Walnut Crust,cake
Double Layer No Bake Strawberry Cheesecake,cake
Raspberry Cup Cakes,cake
Nutella®-Oreo® Cheesecake,cake
Green Tea (Matcha) Tiramisu,cake
Easy Cheese Cake,cake
Pineapple Cheesecake,cake
Ancient Roman Cheesecake (Savillum),cake
Eric's Best New York Style Cheesecake,cake
PHILADELPHIA New York Cheesecake,cake
New York Italian Style Cheesecake,cake
Keto NY Cheesecake,cake
Chèvre Cheesecake,cake
Cheesecake Supreme,cake
Easy New York Cheesecake,cake
Classic New York-Style Cheesecake,cake
Mary's Cheesecake,cake
Instant Pot® New York Ricotta Cheesecake,cake
Summer Berry Stack,cake
Strawberry Cheesecake Lemon Bars,cake
Milk Chocolate Cheesecake,cake
Cheesecake Cups,cake
Mini Cheesecake Cups with Sour Cream Topping,cake
Samoa Cheesecake Cupcakes,cake
Easy Cheesecake-Filled Cupcakes (Vegan),cake
Bite-Sized Cheesecake Cupcakes,cake
Mini Lemon Mascarpone Cheesecakes,cake
Decadent Cheesecake Cups,cake
Chocolate Peppermint Cheesecake Bites,cake
Mini Raspberry Swirl Cheesecakes,cake
Mini Peanut Butter Cheesecakes,cake
S'mores Cheesecake Cupcakes,cake
Maille Mini Cheesecakes,cake
Mini Cherry Cheesecakes,cake
Mini Cheesecakes with Vanilla Wafers,cake
Nutella Swirl Cheesecake Bars,cake
Apple Butter Cheesecake Bars,cake
Cheesecake Brownies,cake
Sopapilla Cheesecake,cake
Butterscotch Cheesecake Bars,cake
Peach Cobbler Cheesecake Bars,cake
Rhubarb Cheesecake Dream Bars,cake
Chocolate Chip Cheesecake Bars,cake
Chocolate Chip Cheesecake Brownies,cake
Gingerbread Cheesecake Bars,cake
Italian Cheesecake Cookies,cake
Baklava-Style Cheesecake Bars,cake
Strawberry Sundae Crunch Bar Cookies,cake
Oreo Cheesecake Bites,cake
Rainbow Vanilla Cheesecake Cookie Bars,cake
Easy Lemon Cheesecake Bars,cake
Boona's Butterscotch Cheesecake Bars,cake
Grandma's Sour Cream Cheesecake Bites,cake
Baked Cheesecake Squares,cake
Cheesecake Bars,cake
Neiman Marcus Chicken Salad,vegetable
BLT Chicken Salad,vegetable
Easy Hot Chicken Salad,vegetable
Thai Chopped Chicken Bean Salad,vegetable
Southwest Chicken Power Salad,vegetable
Sticky Fingers Salad,vegetable
Easy Buffalo Chicken Salad,vegetable
"Chicken, Avocado and Mango Salad",vegetable
Rotisserie Chicken Salad,vegetable
Fruity Chicken Salad with Tarragon,vegetable
Dijon Chicken Salad,vegetable
Greek-Style Chicken Salad,vegetable
Creamy Avocado Chicken Salad,vegetable
Grilled Chicken Salad with Seasonal Fruit,vegetable
Pecan Chicken Salad,vegetable
Best Chicken Salad,vegetable
Larb Gai,vegetable
Pesto Chicken Pasta Salad,vegetable
Grilled Chicken Salad Sandwich,vegetable
Club Chicken Pasta Salad,vegetable
Fruity Curry Chicken Salad,vegetable
Southwest Chicken Salad,vegetable
Rachel's Cranberry Chicken Salad,vegetable
"Chicken Salad with Apples, Grapes, and Walnuts",vegetable
Chicken and Egg Salad,vegetable
"Chicken Salad with Bacon, Lettuce, and Tomato",vegetable
My Favorite Chicken Salad,vegetable
Chicken Salad Spread,vegetable
Classic Chicken Salad,vegetable
Carol's Chicken Salad,vegetable
Healthy Chicken Salad,vegetable
Curry Chicken Salad with Grapes,vegetable
Holiday Chicken Salad,vegetable
Coronation Chicken,vegetable
Best Chicken Salad Sandwich,vegetable
Fruited Curry Chicken Salad,vegetable
Becky's Chicken Salad,vegetable
Simply The Best Chicken Waldorf Salad,vegetable
Strawberry Chicken Salad,vegetable
Chicken Salad with Grapes and Apples,vegetable
Wild Rice Salad,vegetable
Greek Yogurt Chicken Salad,vegetable
Pecan Chicken Salad with Apples and Grapes,vegetable
Chicken Caesar Pasta Salad,vegetable
Feta Chicken Salad,vegetable
Chicken Salad with Grapes,vegetable
Best Chicken Salad Ever,vegetable
Chipotle Chicken Salad,vegetable
Shredded Chicken Salad,vegetable
Curried Chicken Salad with Greek Yogurt,vegetable
Salpicao de Frango (Brazilian Chicken Salad),vegetable
Hot Chicken Salad,vegetable
Amy's Barbecue Chicken Salad,vegetable
Chicken Salad Summer Rolls,vegetable
Chicken Taco Salad,vegetable
Caribbean Chicken Salad,vegetable
Indian-Style Grilled Chicken Salad,vegetable
BBQ Chicken Salad,vegetable
Za'atar Chicken Salad with Lemon-Tahini Dressing,vegetable
Chicken Souvlaki Salad,vegetable
Grilled Pineapple Salad,vegetable
Strawberry-Mango Grilled Chicken Salad,vegetable
Grilled Wonton Chicken Salad,vegetable
Asian Island Grilled Chicken Salad,vegetable
Grilled Chicken and Charred Corn Salad,vegetable
Grilled Lemon-Pepper Chicken Salad,vegetable
Smoky Chicken Salad,vegetable
Fiesta Grilled Chicken Salad,vegetable
Chicken Poppy Seed Pasta Salad,vegetable
Classic Chicken Caesar Salad,vegetable
"Grilled Chicken, Peach, and Arugula Salad",vegetable
Asian Chicken Salad,vegetable
The Best Chicken Salad Ever,vegetable
Chicken Potato Salad,vegetable
Mediterranean Quinoa Salad,vegetable
Sesame Pasta Chicken Salad,vegetable
Buddha Bowl Recipe,vegetable
Chicken Broccoli Salad,vegetable
Cherry Chicken Salad,vegetable
Chicken Noodle Salad,vegetable
Chicken Fiesta Salad,vegetable
Filipino Chicken Salad,vegetable
Angel's Chunky Chicken Salad,vegetable
Buffalo Chicken Pasta Salad,vegetable
Soba Noodle Salad with Chicken and Sesame,vegetable
Peruvian Potato-Chicken Salad (Causa Rellena),vegetable
Rice-A-Roni Salad,vegetable
Chinese Chicken Salad,vegetable
Chicken Cashew Salad,vegetable
Easy and Fast Cajun Chicken Caesar Salad,vegetable
Cold Chicken Macaroni Salad,vegetable
The Cheesecake Factory Santa Fe Salad,vegetable
Company Chicken Pasta Salad with Grapes,vegetable
Chicken Macaroni Salad,vegetable
Vietnamese Chicken Salad,vegetable
Chicken Salad,vegetable
Delicious Cilantro Chicken Salad,vegetable
Mandarin Chicken Pasta Salad,vegetable
Simple Ranch Chicken Macaroni Salad,vegetable
Pool Party Pasta Salad,vegetable
Chicken Florentine Salad with Orzo Pasta,vegetable
Chicken Caesar Pasta,vegetable
Cordon Bleu Salad,vegetable
Gluten-Free Chicken Pasta Salad,vegetable
Kara's Summer Salad,vegetable
Sesame Chicken Pasta Salad,vegetable
Zesty Feta and Shrimp Summer Pasta Salad,vegetable
Zesty Cold Chicken Pasta Salad,vegetable
Chicken Paillard,vegetable
Chicken Caesar Salad on a Stick,vegetable
Avocado Ranch Chicken Salad,vegetable
Amazing Asian Chicken Salad,vegetable
Simply Delicious Ranch Chicken Salad,vegetable
Chicken Salad for One,vegetable
German Chocolate Cake,cake
German Sweet Chocolate Cake,cake
Dark German Chocolate Cake,cake
Better-Than-Mom's German Chocolate Cake,cake
Bo's Best White German Chocolate Cake,cake
German Chocolate Cake Bites,cake
German Chocolate Cake I,cake
German Chocolate Cheesecake Swirl Cake,cake
German Chocolate Sauerkraut Cake,cake
Black Forest Brownie Dump Cake,cake
Jenny's Black Forest Cake,cake
"""Pretty Much a Piece of Heaven"" Black Forest Cake",cake
Black Forest Cheesecake,cake
Black Forest Chocolate Cake,cake
Black Forest Cake Bars,cake
Black Forest Pancake Cake,cake
Ultimate Black Forest Cake,cake
Black Forest Cupcakes,cake
Basic Chocolate Buttercream Icing,cake
Coffee Butter Frosting,cake
Caroline's Chocolate Fudge Frosting,cake
Easy White Chocolate Ganache,cake
Easy German Chocolate Cake Icing,cake
Hard Chocolate Glaze,cake
Chocolate Icing,cake
Food Processor Chocolate Whipped Cream Frosting,cake
Condensed Milk Chocolate Frosting,cake
Mocha Icing,cake
Chocolate Marshmallow Frosting,cake
Best Ever Nutella Frosting,cake
Grandma's Chocolate Custard Pie,cake
Super Simple Perfect Chocolate Ganache,cake
Smooth Chocolate Icing,cake
Whipped White Chocolate Ganache,cake
Buttermilk-Chocolate Buttercream Frosting,cake
Sour Cream Ganache,cake
Raspberry White Chocolate Buttercream Cupcakes,cake
Chocolate Cookie Buttercream Frosting,cake
Easy Chocolate Cream Cheese Frosting,cake
Chocolate Cream Cheese Frosting,cake
German Chocolate Cake Icing,cake
Chocolate Chip Cookie Dough Frosting,cake
Perfect Chocolate Buttercream Frosting,cake
Shiny Chocolate Glaze,cake
Frosting for German Chocolate Cake,cake
Christmas Santa Cupcakes,cake
Mocha Frosting,cake
Best Chocolate Ganache Cake,cake
Coffee Frosting,cake
Gingerbread Cupcakes with Cream Cheese Frosting,cake
Fluffy Chocolate Buttercream Frosting,cake
Fig Filling for Pastry,cake
Granny's Mahogany Cake and Frosting,cake
Paleo Chocolate Frosting,cake
French Chocolate Buttercream,cake
Buttermilk Chocolate Cake with Fudge Icing,cake
One Bowl Buttercream Frosting,cake
Fondant for Chocolate Cherries,cake
Milky Way® Cupcake Icing,cake
Chocolate Cupcakes with Bailey's Creme Frosting,cake
Easy Black Bottom Cupcakes,cake
Chocolate Carrot Cupcakes,cake
Chocolate-Cherry Cupcakes,cake
Mexican Chocolate Cupcakes,cake
Spider Cupcakes,cake
Moist Flourless Chocolate Cupcakes,cake
Grandma Gudgel's Black Bottom Cupcakes,cake
Cranberry Cupcakes with White Chocolate Frosting,cake
Mini Chocolate Cupcakes,cake
Vegan Chocolate Cupcakes with Vanilla Frosting,cake
Cream Filled Chocolate Cupcakes,cake
Peppermint Mocha Cupcakes,cake
Guinness Cupcakes with Guinness Frosting,cake
Peanut Butter and Chocolate Chip Cupcakes,cake
White Chocolate Chip Cupcakes,cake
Ghirardelli Chocolate Frosted Cupcakes,cake
Chocolate Raspberry Cupcakes,cake
Irish Cocktail Cupcakes,cake
Bat Cupcakes,cake
Chocolate Chip Cheesecake Cupcakes,cake
Gluten-Free Dark Chocolate Cupcakes,cake
Chocolate Cupcakes with Pumpkin Cheesecake Filling,cake
Dark Chocolate Souffle Cupcakes,cake
Worm Cake,cake
Mint Chocolate Cupcakes,cake
Yukon Cornelius Pull-Apart Cupcake Cake,cake
Creamy Chocolate Cupcakes,cake
Yummy Vegan Brownie Cupcakes,cake
Jumbo Chocolate Cupcakes,cake
Maryland Crab Cakes,cake
Chef John's Crab Cakes,cake
Air Fryer Crab Cakes,cake
New England Crab Cakes,cake
Cajun Crab Cakes (No Breadcrumbs),cake
True Maryland Crab Cakes,cake
Lori's Famous Crab Cakes,cake
Mini Crab Cakes,cake
Paleo Maryland Crab Cakes,cake
Easy Crab Cakes with Panko,cake
Aunt Ruth's Crab Cakes,cake
Perfect Crab Cakes With Green Onions,cake
Easy Crab Cakes,cake
Fried Crab Cakes,cake
Poor Man's Crab Cakes,cake
Dorsey's Fish & Oyster House Crab Cakes,cake
Air Fryer Cajun Crab Cakes,cake
Laura's Maryland Crab Cakes,cake
Mini Crab Cakes with Curried Tartar Sauce,cake
Crab Cakes with Cilantro-Sour Cream Sauce,cake
Easy Fried Crab Cakes,cake
Crushed Pretzel Crab Cakes,cake
Fabienne's 'Black-Eyed' Crab Cakes,cake
Easy Halloween Mummy Cupcakes,cake
Easy Eggnog Cupcakes,cake
Dreamy Orange Cupcakes,cake
Santa Leg Cupcakes,cake
Christmas Tree Cupcakes,cake
Easter Bunny Cupcakes,cake
Sweetheart Cupcakes,cake
Easter Surprise Cupcakes,cake
Strawberry Cupcakes,cake
Pumpkin Spice Cupcakes With Cream Cheese Frosting,cake
Candied Yam Cupcakes,cake
Owl Cupcakes,cake
Lemon Cupcakes with Lemon Frosting,cake
Lemon-Raspberry Cupcakes,cake
One Bowl Lemon Cupcakes,cake
Gluten-Free Lemon Cupcakes,cake
Lemon-Lime Cupcakes,cake
Strawberry Lemonade Cupcakes,cake
Lemon-Blueberry Cupcakes,cake
Lemon-Glazed Blueberry Cupcakes,cake
Lemon-Lavender Cupcakes,cake
Raspberry-Lemon Cupcakes,cake
Raspberry Lemonade Cupcakes,cake
Triple Lemon Cupcakes,cake
Cranberry Cupcakes with Lemon Icing,cake
Gluten-Free Lovely Lemon Cupcakes,cake
Honey Cupcakes with Strawberries,cake
Strawberry Compote Cupcakes,cake
Easy Strawberry Cupcakes,cake
Strawberries and Cream Cupcakes,cake
Light and Airy Strawberry Cupcakes,cake
Mascarpone Strawberry Cupcakes,cake
Strawberry Shortcake as Cupcakes,cake
Pumpkin Cupcakes with Cream Cheese Frosting,cake
Chocolate-Pumpkin Cupcakes,cake
Crustless Pumpkin Pie Cupcakes,cake
Pumpkin Pie Cupcakes,cake
Fluffy Pumpkin Spiced Cupcakes,cake
Vegan Pumpkin Spice Breakfast Cupcakes,cake
Domino Cookies,cake
Birthday Cake Dip,cake
Easy One Pan Baked Rice Krispy Treats,cake
Easy Pumpkin Cheesecake Crescent Bars,cake
Copycat Cracker Barrel Fried Apples,cake
Pumpkin Chai Latte Bars,cake
Caramel Apple Grapes,cake
S'Mores Pie,cake
Chewy Brown Butter Banana Bread Cookies,cake
Fresh Apple Dessert Rings,cake
Apple Dessert Pizza,cake
Apple Cannoli,cake
Apple Whoopie Pies,cake
Chocolate-Apple Egg Rolls,cake
Peanut Butter Chocolate Pretzel Pie,cake
Prosciutto Melon Granita,cake
Apple Pie Cookies,cake
Fresh Cherry Crumb Bars,cake
Banana Bread Tiramisu,cake
Banana Bread Rice Pudding,cake
Golden Grahams S'mores Bars,cake
Easy Cherry Brownies,cake
Crinkle Cake with Apples and Camembert,cake
Dubai Chocolate Bar Watergate Salad,cake
Chantilly Cake,cake
Toaster Pastry Cookies,cake
Malted Milk Ball Brownies,cake
Orange Creamsicle Bars,cake
Orange Dreamsicle Salad,cake
"Easy ""No Measure"" S'mores Bars",cake
Copycat Orange Dreamsicle Frosty,cake
Drumstick Sundae Jars,cake
Strawberry Churro Roll Ups,cake
Krispy Kreme Banana Pudding,cake
Copycat Big Boy Strawberry Pie,cake
Lemon Blackberry Blondies,cake
Strawberry Frozen Yogurt Bark,cake
Chocolate Zucchini Bars,cake
Millionaire Bars,cake
Mud Hen Bars,cake
No-Bake Peanut Butter Chex Bars,cake
Dubai Chocolate Berry Trifle,cake
French Silk Pie Bars,cake
No Bake Espresso Martini Cheesecakes,cake
Sleeping Gingerbread Treats,cake
Little Debbie Brownie Tree Dip,cake
Gingerbread Fudge,cake
Cottage Cheese Chocolate Chip Cookie Dough,cake
Air Fryer S'Mores,cake
Copycat Trader Joe's Gone Bananas,cake
Blackberry Cheesecake Brownies,cake
Chocolate-Graham Cracker S'mores Sliders,cake
S'Mores in a Bag,cake
Blender Chocolate Mousse,cake
Churro Toffee,cake
Chocolate Mousse for Beginners,cake
Copycat Cosmic Brownies,cake
Chef John's Pecan Pie Brownies,cake
Air Fryer Raspberry Brownie Bites,cake
Air Fryer Pizookie,cake
Chocolate Tart,cake
Oreo Mug Cake,cake
Homemade Hostess Cupcakes,cake
Mom-Mom Kolar's Chocolate Rum Pie,cake
Chocolate-Covered Matzo,cake
Best Mud Pie,cake
TikTok Brownies,cake
Chocolate-Covered Bacon Strips,cake
Best-Ever Peach Crumble,cake
Peach and Raspberry Crumble,cake
Apple Crisp,cake
Blueberry Crisp,cake
Blueberry Crumble,cake
Easy Apple Crisp with Oat Topping,cake
Homemade Strawberry Crumble,cake
Microwave Apple Crisp,cake
Best Ever Caramel Apple Crisp,cake
Apple-Cranberry Crisp,cake
Perfect and Easy Apple Crisp,cake
The Ultimate Berry Crumble,cake
Pineapple Crisp,cake
Apple Crisp Without Oats,cake
Easy Apple Crisp with Pie Filling,cake
Cherry Crisp,cake
Apple Oatmeal Crisp,cake
Plum Crisp,cake
Mom's Rhubarb Crisp,cake
Rhubarb Crumble,cake
Blueberry Buckle,cake
Easy Rhubarb Crisp,cake
Apple Betty,cake
Slow Cooker Apple Crisp,cake
Apple and Pear Crumble,cake
Cherry Crumble,cake
Fresh Cherry Crisp,cake
Blackberry Crisp,cake
Strawberry Rhubarb Crisp,cake
Easy Apple Crisp,cake
Triple Berry Crisp,cake
Apple Rhubarb Crisp,cake
Rhubarb Crunch,cake
Simple Flourless Apple Crisp,cake
Apple Cobbler Crumble,cake
Cinnamon Apple Crisp,cake
Grandma's Old-Fashioned Apple Crisp,cake
Air Fryer Apple Crumble,cake
Apple Crumble,cake
Classic Pear Crisp,cake
Best Apple Crisp Ever,cake
Apple Crisp Cups,cake
Awesome Apple Crisp,cake
Air Fryer Apple Crisp,cake
Healthier Apple Crisp,cake
Crispiest Apple Crisp,cake
Graham Cracker Crunch Topping,cake
Zucchini Crisp,cake
Low Sugar Strawberry Rhubarb Crisp,cake
Air Fryer Apple Crisp with Oatmeal Streusel,cake
Maple Apple Crisp,cake
Cherry Crunch Cake,cake
Blueberry Rhubarb Crisp,cake
Apple Crisp with Instant Oatmeal,cake
Best Blueberry Crisp,cake
Rhubarb and Strawberry Crisp,cake
Moist Apple Crisp,cake
Frozen Blueberry Crisp,cake
Air Fryer Blueberry Crisp,cake
Strawberry Crisp,cake
No-Bake Orange Creamsicle Pie,cake
Lemon Raspberry Golden Oreo Fluff,cake
Strawberry Rhubarb Crumble,cake
Strawberry Sando,cake
Easy Strawberry Brownies,cake
Sticky Rice with Passion Fruit Sauce,cake
Rhubarb-Buttermilk Clafoutis,cake
Bananas Foster Crispy Rice,cake
Lemon Crumb Bars,cake
Whole Orange Blender Cake,cake
"""Grate"" Apple Crisp",cake
Bloomin' Apples,cake
Caramel Apple Cheesecake Salad,cake
Easy Caramel Apple Crisp Pie,cake
Apple Pie Egg Rolls,cake
Mama's Banana Pudding,cake
Apple Pie Tiramisu,cake
Frozen Tajin Grapes,cake
Preserved Lemon Blueberry Pie,cake
Nectarine Blueberry Cobbler,cake
Tarte Tatin,cake
Margarita Bars,cake
Wild Raspberry Mousse,cake
Easy Puff Pastry Cheese Danish,cake
Strawberry Mousse Shooters,cake
"Easy Red, White, and Blue Trifle",cake
Salted Caramel Banana Ritz Icebox Cake,cake
Macerated Strawberries,cake
Strawberry Icebox Cake,cake
Key Lime Pie Salad,cake
Coffee Panna Cotta,cake
Homemade Pistachio Cream,cake
Millionaire Cheesecake Salad,cake
Pistachio Chocolate Baklava,cake
Tiramisu Blondies,cake
Pavlova Christmas Trees,cake
Carrot Halwa,cake
Modern Watergate Salad,cake
Bougatsa,cake
Hamburger Bun Bread Pudding,cake
Crêpes Suzette,cake
Cookies and Cream Brownies,cake
Gochujang Caramel Cookies,cake
Lemon Tiramisu,cake
Chocolate Rum Snowballs,cake
White Chocolate Cinnamon Toast Crunch Bars,cake
Caramel Apple Pie Cookies,cake
Candy Apples,cake
Mini Pancake Parfait,cake
Chocolate Potato Chip Pie,cake
Bread Pudding,cake
Strawberry Pretzel Salad,cake
Watergate Salad,cake
Pina Colada Bread Pudding,cake
Easy Pineapple Pretzel Salad,cake
Bread Pudding with Raisins,cake
Strawberry Lemonade Marshmallow Jell-O®,cake
Easy Pumpkin Bread Pudding,cake
No Bake Rum Balls,cake
Tiramisu,cake
Bananas Foster,cake
Frog Eye Salad,cake
Easy Pavlova,cake
Brown Butter Crinkle Cake,cake
?clair Cake,cake
Pistachio Chip Ice Cream,cake
Dubai Chocolate Strawberry Dip,cake
French Almond Rum Cake,cake
Frangipane Strawberry Shortcake,cake
German Rhubarb Almond Cake,cake
Pecan Pie Cookies,cake
Chewy Chocolate Chip Oatmeal Cookies,cake
Best Toffee Ever - Super Easy,cake
Russian Tea Cakes,cake
Crustless Cranberry Pie,cake
Mexican Wedding Cookies,cake
Nanaimo Bars,cake
Raspberry Thumbprint Cookies,cake
Chocolate Pecan Pie,cake
Maple Walnut Ice Cream,cake
Italian Wedding Cookies,cake
Rolo Pretzel Turtles,cake
Pecan Pie Bars,cake
Pistachio Cake,cake
Puffed Caramel Corn,cake
Pure Maple Candy,cake
Cranberry Pistachio Biscotti,cake
Pralines,cake
Hello Dolly Bars,cake
Zucchini Brownies,cake
Soft Pumpkin Cookies,cake
Pignoli Cookies,cake
Cinnamon-Roasted Almonds,cake
Easy Cinnamon Roll Casserole,cake
Tiny Pecan Tarts,cake
Banana Cookies,cake
Persimmon Cookies,cake
Cranberry Salad,cake
Torrone (Italian Nut and Nougat Confection),cake
Giant Chocolate Chip Cookie,cake
Peanut Butter Marshmallow Squares,cake
Microwave Peanut Brittle,cake
Pecan Pie without Corn Syrup,cake
Apple Squares,cake
Kentucky Derby Pie,cake
Brown Sugar Fudge,cake
Absolutely Best Brownies,cake
English Walnut Pie,cake
Stabilized Whipped Cream,cake
Creme Patissiere (Vanilla Pastry Cream),cake
Quick and Almost-Professional Buttercream Icing,cake
Perfect Lemon Curd,cake
Apple Pie Filling,cake
Fresh Cherry Compote,cake
Canned Apple Pie Filling,cake
Pastry Cream,cake
Strawberry Cake Filling,cake
Cherry Pie Filling,cake
Quick and Easy Frangipane,cake
No-Bake Millionaire's Shortbread,cake
Chocolate Chip Cookie Millionaire Bars,cake
Dulce De Leche Ice Cream,cake
Caramel Apple Slices,cake
Bananas in Caramel Sauce,cake
Banoffee Pie,cake
Samoa Cookie Bars,cake
Caramel Popcorn,cake
The Best Caramel Apples,cake
Caramel Apples,cake
Chewy Caramel,cake
Caramels,cake
Microwave Caramel Popcorn,cake
Creamy Caramel Flan,cake
Caramel Bars,cake
Caramel Apple Bars,cake
Chocolate Covered Caramels,cake
Chocolate Caramel Brownies,cake
Salted Caramel Chocolate Chip Cookies,cake
Caramel Macchiato Cheesecake,cake
Caramels I,cake
Easy Caramel Apple Salad,cake
Peachy Bread Pudding with Caramel Sauce,cake
Caramel Crispy Rice Treats,cake
Gourmet Caramel Apples,cake
Easy Caramel Custard,cake
Clone of a Cracker Jack,cake
"Toasted Coconut, Pecan, and Caramel Pie",cake
Caramel Cups,cake
Caramel Chocolate Corn,cake
Bread Pudding With Caramel Sauce,cake
Salted Caramel Chocolate Pecan Cookies,cake
Banana Dulce de Leche Pie (Banana Caramel Pie),cake
Caramel Pretzel Brownies,cake
Roasted Pears with Caramel Sauce,cake
Freezer Caramel Drizzle Pie,cake
Sticky Popcorn,cake
Homemade Caramels with Dark Chocolate and Sea Salt,cake
Caramel Candies,cake
Peanut Butter Popcorn Balls,cake
Soft Caramel Corn,cake
Caramel Popcorn with Marshmallow,cake
Caramel-Filled Chocolate Cookies,cake
Caramel Turtles® Brownies,cake
Caramel-Pecan Pumpkin Pie,cake
Licorice Caramels,cake
Salted Caramel Rice Krispie Treats,cake
Caramel Apple Crumble Pie,cake
One Bowl Blackberry Cobbler,cake
Blackberry Cobbler with Frozen Blackberries,cake
Fresh Cherry Cobbler,cake
Easy Blueberry Cobbler,cake
Easy Batter Fruit Cobbler,cake
Nectarine Cobbler,cake
Easy Plum Cobbler,cake
Sweet Potato Cobbler,cake
Easy Peach Cobbler,cake
Chocolate Cobbler,cake
Easy Apple Cobbler,cake
Rhubarb Cobbler,cake
Strawberry Cream Cheese Cobbler,cake
Very Best Blueberry Cobbler!,cake
Easy Peach Cobbler with Canned Peaches,cake
Easy Cherry Cobbler,cake
Easy Fruit Cobbler,cake
Butter Biscuit Peach Cobbler,cake
Black Raspberry Cobbler,cake
Best Rhubarb Dessert Ever,cake
Southern Peach Cobbler,cake
Crisp Peach Cobbler,cake
Blackberry Cobbler,cake
Pear Cobbler,cake
Fresh Apricot Cobbler,cake
Peach and Blackberry Cobbler,cake
Plum Cobbler,cake
Mama's Blackberry Cobbler,cake
Easy Stovetop Peach Cobbler,cake
Warm Blueberry Cobbler,cake
Peach Cobbler with Fresh Peaches,cake
Grandma's Blueberry Buckle,cake
Quick Apple Cobbler,cake
Grandma's Peach Cobbler,cake
Chef John's Peach Cobbler,cake
Too Easy Peach Cobbler,cake
Easiest Ever Fruit Cobbler,cake
Jackie's Fresh Peach Cobbler,cake
Favorite Peach Cobbler,cake
Peach Cobbler V,cake
Wendy's Easy Blackberry Cobbler,cake
Peach and Blueberry Cobbler,cake
Healthier Southern Peach Cobbler,cake
Bryanne's Cherry Cobbler,cake
Mommy's Mango Cobbler,cake
Valerie's Blackberry Cobbler,cake
Strawberry Cobbler,cake
Pumpkin Cobbler,cake
Cranberry Cobbler,cake
Banana Bread Blondies,cake
Best Ever Blueberry Cookies,cake
Easy S'Mores Bars,cake
Strawberry Pretzel Bars,cake
Chickpea Blondies,cake
Tahini Butter Cookies,cake
Cookies and Cream Rice Krispie Treats,cake
Funfetti Cheesecake Sandwich Cookies,cake
Tiny Oatmeal Cream Pies,cake
German Chocolate Cake Cookies,cake
Sticky Toffee Pudding Thumbprints,cake
Heart-Shaped Cookies,cake
Italian Ricotta Cookie Bars,cake
Strawberry Malted Milk Meringues,cake
Lemon Shortbread Cookies,cake
Lemon Turmeric Crinkles,cake
Cheesecake-Stuffed Snickerdoodle Cookie,cake
Scotcharoos,cake
Christmas Cookie Bars,cake
Gingerbread Latte Cookies,cake
Haystack Cookies,cake
"Jam ""Jewel"" Cookies",cake
Florentine Cookies,cake
Dirty Soda Cookies,cake
Double Chocolate Biscotti with Cherries,cake
Lorraine's Sugar Cookies,cake
Santa's Helper Cookies,cake
Ruthie's Scandinavian Christmas Cookies,cake
Copycat Lofthouse Cookies,cake
Spanish Flan,cake
Chia Seed Pudding,cake
Vanilla Crème Brûlée,cake
Homemade Baked Egg Custard,cake
"Easy Lemon Cheesecake Crème Brulée ""Donuts""",cake
Lemon Meringue Pie in a Glass,cake
Meringue-Topped Banana Pudding,cake
How to Make Arroz con Leche,cake
The Best Banana Pudding,cake
Creamy Rice Pudding,cake
Best Old-Fashioned Creamy Rice Pudding,cake
Natillas (Spanish Custard),cake
Maple Pudding,cake
Old Fashioned Baked Vanilla Custard,cake
Spotted Dick,cake
Simple Custard,cake
Maja Blanca,cake
Panna Cotta,cake
Homemade Banana Pudding,cake
Baked Pumpkin Custard from EAGLE BRAND,cake
Best Bread Pudding with Vanilla Sauce,cake
Crème Brûlée,cake
Banana Pudding,cake
Chocolate Cornstarch Pudding,cake
Dirt Pudding,cake
Baked Rice Pudding,cake
Egg Custard,cake
Homemade Vanilla Pudding,cake
Flan de Queso (Cream Cheese Flan),cake
Chia Coconut Pudding with Coconut Milk,cake
Tembleque Puerto Rican Coconut Pudding,cake
Classic Tapioca Pudding,cake
Egg Custard Pie,cake
Gramma's Apple Bread Pudding,cake
Baked Flan,cake
Chocolate Avocado Pudding,cake
Flan Mexicano (Mexican Flan),cake
Simple Crème Brûlée Dessert,cake
Southern-Style Baked Banana Pudding,cake
Slow Cooker Rice Pudding,cake
Sweet Rice,cake
Keto Crème Brûlée,cake
Budin (Puerto Rican Bread Pudding),cake
Dairy-Free Chocolate Pudding,cake
Custard Bread Pudding,cake
Uncooked Banana Pudding,cake
Brown Sugar and Cinnamon Rice Pudding,cake
Mud and Worms,cake
Rice Cooker Rice Pudding,cake
Almond Milk Instant Pudding,cake
Umm Ali,cake
Healthier Creamy Rice Pudding,cake
Chômeur's Pudding,cake
Kheer (Rice Pudding),cake
Bread Pudding with Whiskey Sauce,cake
Hasty Chocolate Pudding,cake
Bread Pudding in the Slow Cooker,cake
Watermelon Snow Cups,cake
Strawberry Shortcake Ice Cream Cake,cake
Coconut Milk Ice Cream,cake
Bastani (Saffron and Rose Ice Cream),cake
Peanut Butter Cottage Cheese Ice Cream,cake
Easy No-Churn Ice Cream,cake
Donut Ice Cream Sandwiches,cake
Nutella Ice Cream,cake
No-Churn Blackberry Ice Cream,cake
Summer Fruit Icebox Cake,cake
Cherry Limeade Vodka Popsicles,cake
Mint Oreo Icebox Cake,cake
Simple Homemade Dreamsicles,cake
Mango Ice Cream,cake
Avocado Ice Cream,cake
Super Lemon Ice Cream,cake
Gelato,cake
Strawberry Ice Cream,cake
Mason Jar Ice Cream,cake
Pumpkin Ice Cream for Ninja Creami,cake
Pomegranate Sherbet,cake
Banana Pudding Ice Cream,cake
Watermelon Popsicles,cake
Cinnamon Ice Cream,cake
Fried Ice Cream,cake
Butter Pecan Ice Cream,cake
Mom's Ice Cream Dessert,cake
Five Layer Ice Cream Bars,cake
Chef John's Lemon Ice,cake
Lemon Ice,cake
Creamy Cherry Ice Cream,cake
Tartufo,cake
Easy Chocolate Icebox Cake,cake
Spaghetti Ice Cream Sundae (Spaghetti-Eis),cake
Cookie Ice Cream Sandwiches,cake
Berry-Mango Shaved Ice,cake
Very Chocolate Ice Cream,cake
Homemade Fruit Popsicles,cake
Lemon Sorbet,cake
Blueberry Cheesecake Ice Cream,cake
Raspberry Sorbet,cake
Easy Homemade Vanilla Ice Cream,cake
Homemade Cherry Ice Cream,cake
Fresh Cherry Ice Cream,cake
Snow Ice Cream,cake
Raspberry White Chocolate Mousse,cake
Quick Keto Chocolate Mousse,cake
Easy Lemon Mousse,cake
Cocoa Powder Chocolate Mousse,cake
Lemon Syllabub,cake
Lemon Panna Cotta,cake
Chef John's Dark Chocolate Mousse,cake
Brazilian Passion Fruit Mousse (Maracuja),cake
Easy Chocolate Mousse without Eggs,cake
Frosty Strawberry Squares,cake
Chocolate Mousse,cake
French Chocolate Mousse with Orange,cake
Raspberry Mousse,cake
Easy Faux Chocolate Mousse,cake
Healthy Peanut Butter Mousse,cake
Quick and Easy Pumpkin Mousse,cake
Mango Mousse,cake
Ultimate Irish Cream Chocolate Mousse,cake
Tiramisu Chocolate Mousse,cake
Plum Flummery,cake
Coffee-Banana Mousse,cake
Vegan Chocolate Mousse with Aquafaba,cake
Easy Passion Fruit Mousse,cake
Chocolate Ricotta Mousse,cake
Creamiest Chocolate Mousse,cake
Simple Chocolate Mousse,cake
Chocolate Mousse with Cocoa Powder,cake
Citrus Mousse,cake
Easy Dark Chocolate Mousse,cake
Matcha Mousse,cake
Lemon Cheesecake Mousse,cake
Lemon Mousse with Berries,cake
Easter Lemon Drop Mousse,cake
OREO Mint Chocolate Mousse,cake
Elegant Coconut Bavarian Cream,cake
Mombasa Pumpkin Dessert,cake
Irish Cream Chocolate Mousse,cake
Tropical Mango Mousse,cake
Layered Oreo Mousse,cake
Coconut Coffee Mousse,cake
Mango and White Chocolate Mousse Cake,cake
Light Pumpkin Mousse,cake
Everyone Loves It Chocolate Mousse,cake
Pumpkin Mousse,cake
Easy Chocolate Mousse,cake
Summer Berry Parfait with Yogurt and Granola,cake
Make-Ahead Greek Yogurt Parfait,cake
Key Lime Pie Mini Dessert,cake
Whipped Cream Zabaglione,cake
Chef John's Fresh Berry Fool,cake
Easy Strawberry Pudding Parfaits,cake
Greek Yogurt Breakfast Parfait,cake
Vanilla Berry Parfaits,cake
Greek Yogurt Bowls with Granola,cake
Make-Ahead Frozen Yogurt Parfaits,cake
Cranberry Parfait,cake
Tang Pie,cake
Heide's Kentucky Derby Dessert,cake
Grandma's Lemon Meringue Pie,cake
Old-Fashioned Coconut Cream Pie,cake
Strawberry Pie,cake
Oreo Cookie Pie Crust,cake
Ultimate Pumpkin Custard Pie,cake
No-Bake Cannoli Pie,cake
Atlantic Beach Pie,cake
Peach Custard Pie,cake
Rough Puff Pastry,cake
Mini Lemon Tarts,cake
No-Bake Snickers Pie,cake
Copycat McDonald's Apple Pies,cake
Cannoli Cream Pie,cake
Easy Key Lime Pie,cake
Chess Pie,cake
Peanut Butter Pie,cake
Sawdust Pie,cake
Coconut Pie,cake
Granny's Mini Pecan Pies,cake
Twix Pie,cake
Shortcrust Pastry (Pâte Brisée),cake
Pear Galette with Ginger,cake
Croatian Apple Pie Squares,cake
Apricot and Peach Fried Pies,cake
Ruffled Milk Pie,cake
Brownie Pie,cake
Pâte Sucrée,cake
Apple Walnut Canadian Butter Tarts,cake
Marbled Chocolate Pumpkin Pie,cake
Perfect Pumpkin Pie,cake
Apple Pie by Grandma Ople,cake
Sweet Potato Pie,cake
Libby's Famous Pumpkin Pie,cake
Graham Cracker Crust,cake
Homemade Fresh Pumpkin Pie,cake
Simple Pumpkin Pie,cake
Homemade Blueberry Pie,cake
Key Lime Pie,cake
Banana Cream Pie,cake
Fresh Rhubarb Pie,cake
Butter Flaky Pie Crust,cake
Holiday Gingersnap Pie Crust,cake
Christmas Bark,cake
Rum Balls,cake
Salted Caramel Ritz Cookies,cake
Christmas Rocky Road,cake
Buckeye Balls,cake
Boardwalk Quality Maple Walnut Fudge,cake
Salted Pumpkin Caramels,cake
Peanut Butter Snickers Bites,cake
Easy Pumpkin Spice Truffles,cake
Caramel Apple Chocolate Bark,cake
Easiest Peanut Butter Fudge,cake
Fudge,cake
The Original Fantasy Fudge,cake
Chocolate Peanut Butter Cups,cake
Irish Potato Candy,cake
Peanut Butter Balls,cake
Buckeyes,cake
Bonbons,cake
Coconut Bonbons,cake
World's Best Oreo Fudge,cake
Oreo Balls,cake
Old-Fashioned Chocolate Fudge,cake
Saltine Cracker Toffee,cake
Classic Caramel Corn,cake
Marshmallow Popcorn Balls,cake
Easy Oreo Truffles,cake
Aunt Teen's Creamy Chocolate Fudge,cake
Chocolate Pretzel Treats,cake
Best Ever Popcorn Balls,cake
Hard Candy,cake
Kentucky Bourbon Balls,cake
Candied Lemon Peel,cake
Homemade Marshmallow Creme,cake
Peanut Butter Haystacks,cake
Homemade Melt-In-Your-Mouth Dark Chocolate,cake
Easy Two-Ingredient Peanut Butter Fudge,cake
Best Honeycomb Toffee Candy,cake
Cinnamon-Sugar Popcorn,cake
Brigadeiro,cake
Maple Syrup Taffy,cake
Eagle Brand Peanut Butter Fudge,cake
Chocolate Popcorn,cake
Decadent Chocolate Truffles,cake
Chocolate Pretzels,cake
Fresh Strawberry Granita,cake
Easy Banana Ice Cream,cake
Healthy Chocolate Pudding,cake
Baked Apple Slices,cake
Fresh Strawberry Pie with Jell-O,cake
Simple Baked Apples,cake
Banana Lumpia,cake
Candied Citrus Peel,cake
Almond Strawberry Chia Seed Pudding,cake
Green Tomato Mincemeat,cake
Power Cookies,cake
Ashure,cake
Apple Snow,cake
Plum Clafoutis,cake
Apples by the Fire,cake
Fresh No-Bake Fruit Pie,cake
Sparkling Grapefruit Pie,cake
Apple Pudding,cake
Baked Bananas,cake
"ABC Pudding - Avocado, Banana, Chocolate Delight",cake
Cranberry Jell-O Salad with Mandarin Oranges,cake
Chewy Watermelon Rind Candy,cake
Apple Pie in a Jar,cake
"Whipped Banana ""Ice Cream""",cake
Apricot Lentil Soup,cake
Healthier Apple Pie by Grandma Ople,cake
Chocolate-Banana Tofu Pudding,cake
Healthier Apple Crisp for Two,cake
Sweet and Silky Strawberry Sorbet,cake
Spiced Apples,cake
Red Hot Baked Apples,cake
Sugar-Free Peach and Banana Cobbler,cake
Apple Pie with Pre-Cooked Apple Filling,cake
Banana Tempura,cake
Healthier Best Brownies,cake
Warm Berry Compote,cake
Pumpkin Pie for Dieters,cake
Chilled Cantaloupe Soup,cake
Healthier Soft Oatmeal Cookies,cake
Breakfast Brownies,cake
Brownies In A Jar,cake
Mango Gazpacho,cake
Huckleberry Buckle,cake
Fruity Fun Skewers,cake
Apple and Honey Sorbet,cake
Squash and Apple Soup,cake
Blueberry Granita,cake
Barbequed Pineapple,cake
Healthier Easy Sugar Cookies,cake
Easy Apple Pie Filling,cake
Healthier Simple White Cake,cake
Low-Fat Chocolate Sicilian Gelato,cake
Spiced Pears and Pomegranate,cake
Easy Homemade Chocolate Sauce,cake
Marshmallow Hot Fudge Sauce,cake
Rhubarb Compote,cake
Caramel Apple Dip,cake
Apple Pie Ice Cream Topping,cake
Southern-Style Chocolate Gravy,cake
Easy Caramel Sauce,cake
Peanut Butter Sauce,cake
Supreme Strawberry Topping,cake
Fresh Raspberry Sauce,cake
Homemade Chocolate Syrup,cake
Simple Strawberry Sauce,cake
Caramel Sauce,cake
Instant Chocolate Hard Shell,cake
Rum Sauce,cake
Skor Creamy Caramel Dip,cake
Easy Devonshire Cream,cake
Crème Anglaise,cake
Easy Clotted Cream,cake
Lemon Sauce I,cake
Blueberry Sauce,cake
Cinnamon Apple Syrup,cake
Vanilla Sauce,cake
Unbaked Meringue,cake
Creme Fraiche,cake
Cookie Dough for Ice Cream (Eggless),cake
Peanut Butter Ice Cream Topping,cake
Rich Hot Fudge Sauce,cake
Sue's Hot Fudge Sauce,cake
Strawberry Rhubarb Sauce,cake
Crème Anglaise Sauce,cake
Raspberry Sauce,cake
Never-Ever-Fail Meringue,cake
Vanilla Cream or Sauce,cake
Dulce de Leche con Leche Condensada,cake
Stewed Rhubarb,cake
How to Make Dulce de Leche,cake
Rhubarb Sauce,cake
Easy Strawberry Rhubarb Sauce,cake
Lemon Cheese,cake
Pecan Caramel Sauce,cake
Plum Pudding Sauce,cake
Lemon Butter,cake
Red Wine Reduction Dessert Sauce,cake
Blueberry Compote,cake
Toffee Sauce,cake
Peach Sauce,cake
Fresh Strawberry Sauce,cake
Best Hot Fudge Sauce,cake
Hot Fudge Sauce,cake
Blackberry Coulis,cake
Mango Topping,cake
Dairy-Free Chocolate Sauce,cake
Sweet Blackberry and Brandy Sauce,cake
Strawberries for Shortcake,cake
Cowboy Butter Steak Toast,meal
Garlic Butter Parmesan Chicken Meatloaf,meal
Picadillo Cornbread Casserole,meal
Tomato Soup and Grilled Cheese Casserole,meal
Chicken Bacon Ranch Tater Tot Casserole,meal
Homemade Spaghetti-O's,meal
Buffalo Chicken Tater Tot Casserole,meal
Trout Tacos,meal
Slow Cooker Honey Garlic Chicken Noodles,meal
Teriyaki Salmon Bowl,meal
Marry Me Chicken Tortellini,meal
Copycat McDonald's Filet-o-Fish Sandwich,meal
Parmesan-Crusted Baked Fish,meal
Chicken Apple Sausage Sheet Pan Dinner,meal
Easy Chicken and Broccoli Alfredo,meal
Tex-Mex Pork Chops and Rice Skillet,meal
Spicy Canned Salmon Salad Rice Bowl,meal
Grilled Tomahawk Steak,meal
Chicken Bhuna,meal
Corned Beef Roast,meal
Stout-Braised Lamb Shanks,meal
Chicken Al Pastor,meal
Mississippi Chicken,meal
Brown Sugar Ham Steak,meal
Pork Fried Rice,meal
Air Fryer Lobster Tails with Lemon-Garlic Butter,meal
French Toast without Milk,meal
Simple Chicken Mayo with Parmesan and Bread Crumbs,meal
How to Cook Trout,meal
Easy Chorizo Street Tacos,meal
Lemon-Rosemary Salmon,meal
Broiled Scallops,meal
Creamy Cottage Cheese Scrambled Eggs,meal
Scrambled Eggs with Chorizo,meal
Lemon Garlic Chicken,meal
Oh My Arctic Char!,meal
Baked Halibut with Crispy Panko,meal
Oeufs Cocotte (Baked Eggs),meal
Vegetarian Chickpea Sandwich Filling,meal
Instant Pot Frozen Salmon,meal
Sautéed Scallops,meal
Pan-Seared Red Snapper,meal
Filet Mignon with Rich Balsamic Glaze,meal
Delicious Grilled Hamburgers,meal
Lemon Panko-Crusted Salmon,meal
Simple Lemon Herb Chicken,meal
Bite-Sized Salmon Tikka,meal
Pan-Fried Wild Salmon,meal
Cajun Air Fryer Salmon,meal
"Chicken, Asparagus, and Mushroom Skillet",meal
Sautéed Shrimp with Spinach,meal
Air Fryer Fried Rice,meal
Naan Bread Margherita Pizza with Prosciutto,meal
Grilled Salmon Steaks Italian-Style,meal
Breaded and Fried Scallops,meal
Grilled Salmon with Maple Syrup and Soy Sauce,meal
Easy Blackened Swordfish,meal
Tuna From Can To Frying Pan,meal
Tuna Steaks with Garlic-Herb Cream Sauce,meal
Sea Bass Barbecue,meal
Rice Cooker Oats,meal
Avocado Toast with Egg,meal
Eggplant Sandwiches,meal
Tomato Basil Salmon,meal
Easy Barbeque Beef Tenderloin Steak,meal
Fried Bass,meal
Peanut Butter and Banana French Toast,meal
Turkey Avocado Panini,meal
Pasta with Swiss Chard,meal
Scrambled Peanut Butter Eggs,meal
Tuna Panini Melt,meal
Scrambled Eggs and Tomatoes,meal
Salmon with Garlic Butter Sauce,meal
Lucky's Quickie Chickie,meal
Black Bean Breakfast Bowl,meal
Onion Pan-Fried Pork Chops,meal
Baja-Style Chicken Bowl,meal
Flatbread Breakfast Pizza,meal
Dominican-Style Oatmeal,meal
Spicy Garlic Salmon,meal
Garlic Bread Grilled Cheese,meal
Mama's Best Broiled Tomato Sandwich,meal
Authentic Thai Basil Chicken (Very Easy and Fast),meal
Creamy Shrimp Scampi with Half-and-Half,meal
Sriracha Honey Chicken,meal
Guinness Chili for Two,meal
Lobster Stuffed Pasta Shells For Two,meal
Mediterranean Salmon Baked in Parchment,meal
Baked Sweet and Sour Chicken Thighs with Pineapple,meal
"Ramen Omelet with Spinach, Mushrooms, and Cheese",meal
Easy Black Bean Soup for Two,meal
Air Fryer Everything-Bagel Salmon Dinner,meal
Pepperoni Pizza Dip with Cream Cheese,meal
Southeast Asian Style Chicken Rice,meal
Cheeseburger Wellington,meal
Spaghetti Aglio e Olio,meal
Cast Iron Pan-Seared Steak (Oven-Finished),meal
Spicy Thai Basil Chicken (Pad Krapow Gai),meal
Grilled Cheese Sandwich,meal
Baked Split Chicken Breast,meal
Southern Fried Catfish,meal
Seared Ahi Tuna Steaks,meal
Roasted Turkey Legs,meal
Fish in Foil,meal
Blackened Chicken,meal
Cajun Chicken Pasta,meal
Lobster Thermidor,meal
Crab Legs with Garlic Butter Sauce,meal
Baked Macaroni and Cheese,meal
Spicy Tuna Rice Bowl,meal
Air Fryer Chicken Cordon Bleu,meal
Chinese Spareribs,meal
Savory Pan-Seared Tuna Steaks,meal
Easy Baked Ham Steaks,meal
Grilled Pork Loin Chops,meal
Vermicelli Noodle Bowl,meal
Chicken Parmigiana,meal
Broiled Lobster Tails,meal
Grilled Fish Steaks,meal
Drunken Mussels,meal
Chana Masala (Indian Chickpea Curry),meal
Emily's Marinated Venison Steaks,meal
Chicken Massaman Curry,meal
Parchment Baked Salmon,meal
Dry Rub Air Fryer Chicken Wings,meal
Chicken with Lemon-Caper Sauce,meal
Special Fried Rice,meal
Applesauce Pork Chops,meal
Tuna Egg Sandwich,meal
Best Baked Salmon,meal
Pickle Brine Chicken,meal
One Pan Orecchiette Pasta,meal
Easy Steam Chicken,meal
Sheet Pan Chicken with Apple-Honey Glaze,meal
Meatball Gnocchi Sheet Pan Dinner,meal
Sheet Pan Honey Mustard Salmon and Green Beans,meal
Sheet Pan Breakfast Pizza,meal
Easiest Sheet Pan Tacos,meal
Sheet Pan Hawaiian Chicken,meal
Sheet Pan Chicken Alfredo Lasagna,meal
Sheet Pan General Tso's Chicken and Broccoli,meal
Sheet Pan Halibut with Orange and Fennel,meal
Sheet Pan Black Pepper Tofu and Broccoli,meal
Sheet Pan Quesadillas,meal
Easy Sheet Pan Roasted Greek Salmon and Broccoli,meal
Sheet Pan Salmon and Veggies,meal
Sheet Pan Meatloaf,meal
Sheet Pan Red Flannel Hash,meal
Sheet Pan New Orleans-Style Shrimp,meal
Greek Lemon Chicken and Potatoes,meal
Best Salmon Bake,meal
Baked Chicken Breasts and Vegetables,meal
"Chicken, Sausage, Peppers, and Potatoes",meal
Sheet Pan Orange Chicken and Broccoli,meal
Sheet Pan Za'atar Chicken Thighs and Vegetables,meal
Sheet Pan Chicken and Chickpeas,meal
Cajun Shrimp and Sausage Sheet Pan Dinner,meal
Sheet Pan Lemon Balsamic Chicken and Potatoes,meal
Sheet Pan Lemon Garlic Chicken with Vegetables,meal
Sheet Pan Summer Gnocchi,meal
Sheet Pan Garlic Butter Steak Bites with Veggies,meal
Sheet Pan Steak and Shrimp Fajitas,meal
Sheet Pan Steak,meal
Mediterranean Turkey Meatball Sheet Pan Dinner,meal
Sheet Pan Tilapia and Potatoes,meal
Sheet Pan Salmon and Potatoes,meal
Sheet Pan Roasted Vegetables,meal
Sheet Pan Chicken Fajitas,meal
Sheet Pan Seafood Boil,meal
Mediterranean Chicken Sheet Pan Dinner,meal
Sheet Pan Shrimp and Sausage Bake,meal
Sheet Pan Salmon and Bell Pepper Dinner,meal
Sheet Pan Parmesan Chicken and Veggies,meal
Greek Lemon Chicken and Potato Bake,meal
Shrimp and Vegetable Sheet Pan Dinner,meal
Everything Salmon Sheet Pan Dinner,meal
Sweet and Spicy Jerk Shrimp,meal
Sheet Pan Roasted Mediterranean Vegetables,meal
Crispy Rosemary Chicken and Fries,meal
Sheet Pan Beef Fajitas,meal
"Sheet Pan Ground Beef, Potato, and Carrot Dinner",meal
Easy Sheet Pan Beef Bulgogi,meal
Slow Cooker Jalapeño Chicken,meal
Crockpot Buffalo Chicken Mac N Cheese,meal
Crockpot Garlic Butter Steak Bites,meal
Slow Cooker Beef Tips and Gravy,meal
Slow Cooker Marry Me Chicken Sandwiches,meal
Ultimate Crockpot Cowboy Casserole,meal
Slow Cooker Asian Zing Chicken Noodles,meal
Slow Cooker Chicken Caesar Sandwiches,meal
Slow Cooker Cowboy Casserole,meal
Slow Cooker Sweet Chili Sesame Chicken,meal
Slow Cooker Brisket Tacos,meal
Slow Cooker Chicken and Gravy,meal
Slow Cooker Shepherd's Pie,meal
Slow Cooker Beef Tips with Mushroom Gravy,meal
Crockpot Teriyaki Chicken and Rice,meal
Easy Slow Cooker Boursin Chicken and Pasta,meal
Easy Creamy Crockpot Chicken Enchilada Casserole,meal
Slow Cooker Greek Yogurt Chicken,meal
Crockpot Caesar Chicken Pasta,meal
Slow Cooker Ground Beef Stroganoff,meal
Slow Cooker Chicken and Rice,meal
Slow Cooker Creamy Lemon Herb Chicken,meal
Slow Cooker Tuscan Chicken Meatballs with Gnocchi,meal
Slow Cooker Loaded Chicken and Potatoes,meal
Creamy Mississippi Chicken Enchiladas,meal
Slow Cooker Mojo Chicken,meal
Creamy Crockpot Macaroni and Cheese,meal
Crispy Slow Cooker Carnitas,meal
Georgia Pot Roast,meal
Slow Cooker Chicken and Vegetables,meal
Crockpot Italian Chicken,meal
Slow Cooker Tuscan Chicken,meal
Slow Cooker Beef Massaman Curry,meal
Slow Cooker Beef Stew,meal
Slow Cooker Texas Pulled Pork,meal
Slow-Cooker Corned Beef and Cabbage,meal
Slow Cooker Pot Roast,meal
Honey-Garlic Slow Cooker Chicken Thighs,meal
Mississippi Pot Roast,meal
Amazing Pork Tenderloin in the Slow Cooker,meal
Slow Cooker Chicken and Dumplings,meal
Slow Cooker Ham,meal
Slow Cooker Baby Back Ribs,meal
Easiest Pot Roast Ever,meal
Slow Cooker Lasagna,meal
Homemade Chili,meal
Slow Cooker Venison Roast,meal
Slow Cooker Italian Beef,meal
Slow Cooker Butter Chicken,meal
Slow Cooker Pulled Pork,meal
Slow Cooker Chicken Alfredo,meal
London Broil for the Slow Cooker,meal
Easy Slow Cooker French Dip,meal
Kalua Pig in a Slow Cooker,meal
Slow Cooker Barbeque Chicken,meal
Awesome Slow Cooker Pot Roast,meal
Slow Cooker Pepper Steak,meal
Three Packet Slow Cooker Roast,meal
Easy Slow Cooker Meatballs,meal
Slow Cooker Buffalo Chicken Sandwiches,meal
Slow Cooker Beef Stroganoff,meal
Pasta Alla Caponata,meal
Tamarind Glazed Carrots,meal
Tofu Broccoli Stir-Fry,meal
The Best Avocado Toast,meal
White Bean and Tomato Pasta,meal
Marry Me Chickpeas,meal
Creamy Tuscan White Bean Skillet,meal
Easy Zucchini Mushroom Skillet,meal
Ramen Vegetable Stir Fry,meal
Mushroom-Steak Diane,meal
Caramelized Onion and Roasted Garlic Pasta,meal
Creamy Caramelized Onion Pasta,meal
Zucchini Rollatini,meal
Oyster Mushroom Po'Boys,meal
Baked Feta Pasta,meal
Grilled Coconut-Curry Tofu Kebabs,meal
Vegan Jamaican Curry,meal
Roasted Tomato Hummus Toast,meal
"Lemon, Ricotta, and Spinach Pasta",meal
Mexican Style Spaghetti Squash,meal
Pasta alla Trapanese (Sicilian Tomato Pesto),meal
"Watermelon ""Tuna"" Poke Bowl",meal
Coconut Chickpea Curry,meal
Hummus Grilled Cheese Sandwich,meal
Gnocchi with Pomodoro Sauce,meal
"Farro Salad with Pecans, Feta, and Cherries",meal
Gnocchi,meal
Manicotti,meal
Spanakopita (Greek Spinach Pie),meal
Black Beans and Rice,meal
Zucchini Patties,meal
Crustless Spinach Quiche,meal
Mushroom Stir-Fry,meal
Homemade Four Cheese Ravioli,meal
Authentic Mexican Chile Rellenos,meal
Spinach Quiche,meal
Butternut Squash Lasagna,meal
Veggie Pizza,meal
Loaded Vegetarian Quiche,meal
Easy Fried Eggplant,meal
Turkish Eggs (Cilbir),meal
Portobello Mushroom Burgers,meal
Air Fryer Baked Potatoes,meal
Tomato Basil Penne Pasta,meal
Chef John's Falafel,meal
Baby Spinach Omelet,meal
Easy Broccoli Quiche,meal
Spinach Lasagna,meal
Homemade Black Bean Veggie Burgers,meal
Authentic Saag Paneer,meal
Delicious Black Bean Burritos,meal
Cheese Lasagna,meal
Veggie Pot Pie,meal
Red Lentil Curry,meal
Rich Pasta for the Poor Kitchen,meal
Tomato and Garlic Pasta,meal
Falafel with Canned Chickpeas,meal
Vegan Shepherd's Pie,meal
Shakshuka,meal
Chili Relleno Casserole,meal
Baked Asian Rockfish,meal
Pesto Pasta,meal
Maple Salmon,meal
Easy Baked Tilapia,meal
Pesto Pasta with Chicken,meal
Baked Honey Mustard Chicken,meal
Fish Tacos,meal
Wonton Soup,meal
Muesli,meal
Chicken and Red Wine Sauce,meal
Lemon-Orange Orange Roughy,meal
Healthier Stuffed Peppers,meal
Porridge,meal
Linguine with White Clam Sauce,meal
Cock-a-Leekie Soup,meal
Marinated Turkey Breast,meal
Ginger Glazed Mahi Mahi,meal
Aunt Jewel's Chicken Dressing Casserole,meal
Marinated Pork Roast,meal
Cape Malay Pickled Fish,meal
Quick Black Beans and Rice,meal
Eggless Pasta,meal
One-Dish Rockfish,meal
Slow Cooker Ham and Beans,meal
Grilled Peanut Butter and Banana Sandwich,meal
Chicken Satay,meal
Thai Peanut Chicken,meal
Easy Garlic and Rosemary Chicken,meal
Slow Cooker Oats,meal
Slow Cooker Moose Roast,meal
Pasta with Tuna Sauce,meal
Jamaican Jerk Chicken,meal
Leftover Chicken Croquettes,meal
Penne with Chicken and Asparagus,meal
Potato Dumplings,meal
Spicy Tuna Fish Cakes,meal
Fra Diavolo Sauce With Pasta,meal
Bengali Chicken Curry with Potatoes,meal
Chinese Eggplant with Garlic Sauce,meal
Spicy Tuna Sushi Roll,meal
Lemony Steamed Fish,meal
Unbelievable Chicken,meal
Hawaiian Chicken Pineapple Kabobs,meal
Easy Grilled Teriyaki Chicken,meal
Healthier Sloppy Joes,meal
Smoked Salmon Sushi Roll,meal
Mediterranean Chicken with Eggplant,meal
Sweet Potato Gnocchi,meal
Chicken and Broccoli Pasta,meal
Chickpea Curry,meal
Crunchy Tex-Mex Casserole with Spicy Ranch Drizzle,meal
Garlic Butter Chicken Cutlets,meal
Chicken Adobo Tacos,meal
Lemon Chicken Gnocchi,meal
Shrimp Grilled Cheese Sandwich,meal
Bulgogi Ground Beef Stir Fry,meal
Million Dollar Ravioli Bake,meal
Marinated Grilled Hot Dogs,meal
Shredded Chicken Casserole,meal
Hot Reuben Roll Ups,meal
Easy Creamy Parmesan Ranch Chicken,meal
Steak with Creamy Peppercorn Sauce,meal
Smash Dumpling Tacos,meal
Air Fryer Turkey Stuffed Peppers,meal
Ground Turkey and Zucchini Skillet,meal
Balsamic Caprese Grilled Steak,meal
One-Pan Stuffed Pepper Casserole,meal
Peach and Mango Habanero Chicken Thighs,meal
Dump and Bake Meatball Stroganoff,meal
Smashed Dumpling Tacos,meal
Loaf Pan Chicken Gyros,meal
Chicken Salisbury Steak,meal
Mississippi Chicken Skewers,meal
One-Pan Sausage Gnocchi,meal
Ground Beef Stir Fry,meal
Hibachi Chicken and Rice Casserole,meal
Pork and Apple Meatballs in Bao-Style Buns,meal
Sheet Pan Chicken Pot Pie,meal
Garlic Butter Meatball Sub,meal
New Orleans Mac and Cheese,meal
Trader Joe's Lobster Casserole,meal
Sweet Chili Chicken with Creamy Lime Sauce,meal
Maqluba (Arabic Rice Dish),meal
Chicken Sorrentino,meal
Chicken Bacon Ranch Potato Bake,meal
Mississippi Chicken Chili,meal
Firecracker Chicken Meatballs,meal
Creamy Tomato Chicken and White Beans,meal
Stick of Butter Mississippi Chicken Spaghetti,meal
Jalapeño Popper Smashed Tacos,meal
Bang Bang Chicken Sliders,meal
Big Picnic Sandwich,meal
Italian Meatballs on Parmesan Noodles,meal
Gochujang Pork Belly Bites,meal
Million Dollar Chicken Breasts,meal
Stick of Butter Shrimp and Orzo,meal
Tiger Chicken,meal
Stick of Butter Smothered Pork Chops,meal
Summer Roll Bowl,meal
Grilled Pineapple Lime Chicken Thighs,meal
Salmon Smash Burgers,meal
Air Fryer Meatloaf,meal
Best Turkey Meatloaf,meal
Bacon Mushroom Swiss Meatloaf,meal
Chicken Parmesan Meatloaf,meal
Chicken Meatloaf,meal
Mongolian Meatloaf,meal
Hidden Veggie Meatloaf,meal
Brown Sugar Meatloaf with Ketchup Glaze,meal
Best Bobotie,meal
Brown Sugar Meatloaf,meal
Mini Meatloaves,meal
Momma's Healthy Meatloaf,meal
Best Ever Meat Loaf,meal
Best Ever Meatloaf with Brown Gravy,meal
Instant Pot Meatloaf,meal
The Best Meatloaf,meal
Classic Meatloaf,meal
Stuffing Meatloaf,meal
Cheeseburger Meatloaf,meal
Venison Meatloaf,meal
Super Moist Meatloaf,meal
Mexican Taco Meatloaf,meal
Low-Carb Meatloaf with Pork Rinds,meal
Glazed Meatloaf,meal
Tennessee Meatloaf,meal
Ham Loaf,meal
Mushroom Meatloaf,meal
Turkey and Quinoa Meatloaf,meal
Meatloaf for Tomato Haters,meal
Melt-In-Your-Mouth Meatloaf,meal
Meatloaf with Italian Sausage,meal
Cheesy Meatloaf,meal
Rempel Family Meatloaf,meal
Classic Spicy Meatloaf,meal
Easy Salsa Meatloaf,meal
The Most Easy and Delish Meatloaf EVER!,meal
Mary's Meatloaf,meal
Turkey Meatloaf Muffins,meal
Homemade Souse,meal
Chef John's Meatball-Inspired Meatloaf,meal
Amish Meatloaf,meal
Aunt Libby's Southern Meatloaf,meal
My Favorite Pork Turkey Meatloaf,meal
Creamy Mushroom Meatloaf,meal
Best Italian Meatloaf,meal
Wonderful Meatloaf,meal
Chef John's Zombie Meatloaf,meal
BBQ Bacon-Wrapped Meatloaf,meal
Cajun Style Meatloaf,meal
Grilled BBQ Meatloaf,meal
Meatloaf that Doesn't Crumble,meal
Three-Meat Meatloaf,meal
Skillet Meatloaf,meal
Meatloaf,meal
Jackie's Special Meatloaf,meal
Meatloaf Muffins,meal
Heinz Classic Meatloaf,meal
Traditional Gyro Meat,meal
Italian Style Turkey Meatloaf,meal
Incredibly Cheesy Turkey Meatloaf,meal
Kids Favorite Meatloaf,meal
My Meatloaf,meal
Jalapeno Popper-Stuffed Meatloaf,meal
Caramelized Tennessee Onion Tortellini,meal
Puttanesca Pasta Bake,meal
Cowboy Butter Spaghetti,meal
One-Pan Creamy Chicken and Vegetable Pasta,meal
Poor Man's Pasta,meal
Cranberry Spaghetti,meal
Miso Ramen Stir Fry,meal
Seafood Mac and Cheese,meal
Roasted Garlic White Mac and Cheese,meal
One Pan Tipsy Chicken and Noodles,meal
Meghan Markle's One-Pan Pasta,meal
Creamy Spring Vegetable and Ham Pasta,meal
Handkerchief Lasagna,meal
Rotisserie Chicken Pasta Bake,meal
Cheesy Lasagna Sheet Pasta,meal
Creamy Beef and Bow Tie Pasta,meal
Dump and Bake Meatball Casserole,meal
Soy Butter Pasta with Chicken,meal
Cheese Agnolotti,meal
High Protein Cottage Cheese Mac and Cheese,meal
Creamy Sun-Dried Tomato and Spinach Pasta,meal
Elote Ramen Noodles,meal
One Pot Tuscan Shrimp and Orzo,meal
Pistachio Pesto Pasta with Shrimp,meal
Stuffed Mushroom Pasta Bake,meal
Cowboy Lasagna,meal
Italian Wedding Pasta Bake,meal
Honey Mustard Spaghetti,meal
Creamy Chicken Piccata Pasta Bake,meal
Mongolian Ground Beef Noodles,meal
Tortellini Lasagna Skillet,meal
One Pan Breakfast Skillet Mac and Cheese,meal
Creamy Gochujang Spaghetti With Ground Beef,meal
Unstuffed Shells Pasta Bake,meal
Loaded Bacon Ranch Mac and Cheese Casserole,meal
Baked Mac and Cheese Bites,meal
Turkish Pasta,meal
Green Bean Mac and Cheese,meal
Creamy Bacon Pasta Bake,meal
The Best Million Dollar Spaghetti,meal
Gnocchi Mac and Cheese,meal
Boursin Chicken Baked Ziti,meal
Alfredo Gnocchi Bake,meal
Instant Ramen Carbonara,meal
Phyllis's Homemade Baked Mac & Cheese,meal
Marry Me Gnocchi,meal
Marry Me Chicken Pasta Bake,meal
One-Pot Cheeseburger Pasta,meal
Fresh Tomato Curry Sauce,meal
Pork Chop Stir-Fry,meal
Pork Chops Al Pastor,meal
Best Grilled Pork Chops,meal
Doritos Pork Chops,meal
Pork Schnitzel,meal
Pan-Fried Pork Chops,meal
World's Best Honey Garlic Pork Chops,meal
Best Pork Chop Marinade,meal
Easy Air Fryer Pork Chops,meal
Mushroom Pork Chops,meal
Pork Steaks,meal
Italian Breaded Pork Chops,meal
Boursin Pork Chops,meal
Creamy Sage and Garlic Pork Chops,meal
Smoked Pork Chops with Sauerkraut,meal
Fried Pork Chops,meal
Pork Chops with Hatch Green Chili Sauce,meal
Strawberry Balsamic Pork Chops,meal
Skillet Pork Chops with Mushroom Gravy,meal
Roasted Pork Chops with Zucchini,meal
Instant Pot Creamy Pork Chops,meal
Sous Vide Maple Chipotle BBQ Pork Chops,meal
Chef John's Smothered Pork Chops,meal
Pork Chop and Potato Casserole,meal
Oven-Fried Pork Chops,meal
Marinated Baked Pork Chops,meal
Stuffed Pork Chops,meal
Pork Sinigang,meal
German Pork Chops and Sauerkraut,meal
Breaded Baked Pork Chops,meal
Simple Pork Chops,meal
Easy Baked BBQ Pork Chops,meal
Pork Chops in Garlic Mushroom Sauce,meal
Pork Chops for the Slow Cooker,meal
Breaded Air Fryer Pork Chops,meal
Baked Pork Chops with Cream of Mushroom Soup,meal
Easy Pork Chops for the Slow Cooker,meal
Pork Rub Rubbed and Baked Pork Chops,meal
Baked Stuffed Pork Chops,meal
Gravy Baked Pork Chops,meal
Honey Mustard Pork Chops,meal
Easy Baked Pork Chops,meal
Asian Marinated Pork Chops,meal
Slow Cooker BBQ Pork Chops,meal
Pork Chop Soup,meal
Perfect Simple Roasted Pork Chops,meal
Parmesan Crusted Pork Chops,meal
Air Fryer Tonkatsu,meal
Broiled Pork Chops,meal
Best Baked Pork Chops,meal
Chinese Pork Chops,meal
Southern Smothered Pork Chops in Brown Gravy,meal
Oven-Baked Stuffed Pork Chops,meal
Creamy Herbed Pork Chops,meal
Easy Chinese Chicken Salad,meal
"Black Bean, Corn, and Quinoa Salad",meal
Kale and Quinoa Salad,meal
Pesto Pasta Caprese Salad,meal
"Quinoa, Beet, and Arugula Salad",meal
Taco Salad with Lime Vinegar Dressing,meal
Steak Salad,meal
Oven-Baked Beef Tagliata,meal
Chilled Cucumber and Wood Ear Mushroom Salad,meal
Pasta Chickpea Salad,meal
Balsamic and Herb Quinoa Salad,meal
Cranberry and Cilantro Quinoa Salad,meal
"Low-Carb ""Tacos""",meal
Greek Rice Salad,meal
Strawberry and Mandarin Salad,meal
Easy Black Bean Taco Salad,meal
Grilled Steak Salad with Sesame Dressing,meal
Warm Quinoa Salad,meal
Sue's Taco Salad,meal
Cilantro Lime Steak Salad,meal
Main Dish Macaroni Salad,meal
Red Quinoa and Avocado Salad,meal
Barley Lime Fiesta Salad,meal
Caprese Salad with Grilled Flank Steak,meal
Whole Wheat Rotini Pasta Salad,meal
Cranberry Apple Pecan Quinoa Salad,meal
"Quinoa, Butternut Squash, and Kale Salad",meal
Greek Flank Steak and Veggie Salad,meal
Fab Summer Blackened Chicken Salad,meal
Steak Fajita Salad,meal
Hiyashi Chuka Noodles,meal
Fall Salad with Cranberry Vinaigrette,meal
Arugula Salad with Citrus Vinaigrette,meal
Black Bean Quinoa Salad,meal
Quick Taco Salad,meal
"Quinoa, Asparagus, and Feta Salad",meal
"Lentil, Quinoa, and Mung Bean Salad",meal
Broccoli Slaw with Spicy Dressing,meal
Cold Shrimp Salad,meal
Chimichurri Steak Tacos,meal
Diamond Cut Steak with Garlic Butter Pan Sauce,meal
Beef and Broccoli Ramen Stir Fry,meal
Strawberry Barbecue Beef,meal
Steak Chimichurri Dense Bean Salad,meal
Steak and Ale Pie,meal
Bistro-Style Steak,meal
Justin Rowland's Philly Cheesesteak Egg Rolls,meal
Cowboy Steak,meal
Garlic Butter Steak Bites With Mushrooms,meal
Butter Basted Rib Eye Steak,meal
Italian Steak Pizzaiola,meal
Classic Swiss Steak,meal
Spicy Vegetable Beef Udon Noodles,meal
Breakfast Nachos,meal
Coffee-Rubbed Steak,meal
Beef Miso Ramen,meal
Japanese-Style Triple-Seared Steak,meal
Beef Teriyaki Noodles,meal
The Best Beef Tri-Tip,meal
Charcoal-Grilled Ribeye Steak,meal
Air Fryer New York Strip Steak,meal
Loaded Steak Fries,meal
Ultimate Tomahawk Steak,meal
Perfect Grilled Ribeye,meal
Perfect Pan Seared Filet Mignon,meal
Crispy Garlic Crumb Steak,meal
Stick of Butter Steak and Rice,meal
Aburi Steak,meal
Teriyaki Steak Quesadillas,meal
Steak and Potato Foil Packets,meal
Sous Vide Tri Tip,meal
Easy Pan-Fried Cube Steaks,meal
The Best Chicken Fried Steak,meal
Perfect Flat Iron Steak,meal
Sirloin Steak with Garlic Butter,meal
Air Fryer Rib-Eye Steak,meal
Beef and Noodles,meal
Filipino Beef Steak,meal
President Ford's Braised Eye Round Steak,meal
Slow Cooker Tender and Yummy Round Steak,meal
Butcher's Steak (Hanger Steak),meal
Surf and Turf,meal
Country-Style Steak,meal
Steak Tips in the Oven,meal
London Broil,meal
Best London Broil Ever!,meal
Chef John's Steak Pizzaiola,meal
Easy Minute Steaks,meal
Perfect Porterhouse Steak,meal
Smothered Round Steak with Gravy,meal
Beef Teriyaki,meal
Ratatouille Baked Chicken,meal
Easy Mediterranean Baked Chicken Breast,meal
Stick of Butter Chicken and Rice,meal
Chicken Thigh and Orzo Skillet,meal
Hot Honey Drumsticks,meal
Honey Mustard Chicken and Rice Bake,meal
Greek Honey Mustard Roast Chicken and Potatoes,meal
Spinach Lemon Chicken Bake,meal
Sweet Chili Popcorn Chicken,meal
Spinach Artichoke Chicken Bake,meal
Copycat Kenny Rogers Chicken,meal
Loaded Chicken and Hash Brown Casserole,meal
This Whole Roasted Chicken Recipe is The G.O.A.T.,meal
Baked Chicken Marinara,meal
One Pan Lemon Garlic Parmesan Chicken,meal
Ritz Cracker Chicken Casserole,meal
Chicken Chasseur,meal
French Onion Chicken Casserole,meal
Chili Bean Chicken,meal
Cheesy Tomato Baked Chicken Breasts,meal
Honey Mustard Chicken Wings,meal
Harissa Honey Chicken,meal
Everything Bagel Roast Chicken,meal
Korean Spicy Chicken Rice Noodle Bake,meal
Juicy Roasted Chicken,meal
Doritos Chicken Casserole,meal
Baked Buffalo Chicken Thighs,meal
Barbecued Butter Chicken,meal
Lemon-Roasted Chicken,meal
Baked Buttermilk Chicken Tenders,meal
No-Peek Chicken,meal
Roast Chicken with Grapefruit,meal
Cast Iron Roast Chicken and Potatoes,meal
Baked Chicken Wings,meal
Simple Baked Chicken Breasts,meal
Baked Garlic Parmesan Chicken,meal
Easy Baked Chicken Thighs,meal
Easy Italian Chicken,meal
Homemade Chicken Nuggets,meal
Crispy and Tender Baked Chicken Thighs,meal
Oven BBQ Chicken Drumsticks,meal
Oven Roasted Stuffed Chicken Breasts,meal
Baked Chicken Schnitzel,meal
Oven-Fried Chicken,meal
Three-Ingredient Baked Chicken Breasts,meal
Parmesan Crusted Chicken,meal
Chicken Marbella,meal
Easy Shake and Bake Chicken,meal
The Best Parmesan Chicken Bake,meal
Mayo Chicken,meal
Baked Apricot Chicken,meal
BBQ Chicken Breasts in the Oven,meal
Chicken and Pasta Casserole with Mixed Vegetables,meal
Simple Slow Roast Chicken,meal
Marry Me Potato Gratin,meal
Cowboy Butter Ranch,meal
Homemade Apple Jelly,meal
Tomato Butter,meal
Apple Cider Marinade,meal
Swamp Rice,meal
Copycat Taco Bell Baja Sauce,meal
Chopped Chili Garlic Green Beans,meal
Hibachi Zucchini,meal
Bacon Broccoli Pasta Bake,meal
Bierock Salad,meal
Apple Cider Syrup,meal
Taco Bell Cheesy Potato Casserole,meal
Jalapeño Popper Creamed Corn,meal
Cajun Tartar Sauce,meal
New and Improved Baked Feta Pasta,meal
Grilled Cajun Corn,meal
Savory Apple Cider Glaze,meal
Gochujang Apple Cider Sauce,meal
Mango Ketchup,meal
Swamp Potatoes and Sausage,meal
Bacon Jalapeño Corn,meal
Cheesy Garlic Zucchini Steaks,meal
Scarborough Fair Roasted Vegetables,meal
Copycat Chicken Costoletta,meal
Bacon on the Grill,meal
Lemon Garlic Butter Beans,meal
Quick Savory Grilled Peaches,meal
Pineapple Teriyaki Chicken,meal
Grilled Mojo Pork and Pineapple Skewers,meal
Shredded Zucchini Casserole,meal
Creamy Corn and Orzo,meal
Greek Yogurt Caesar Dressing,meal
Chicken Alfredo Rice Casserole,meal
Chicken Bacon Ranch Potato Casserole,meal
Chili Crisp Mayo,meal
Roasted Asparagus and Carrots,meal
Air Fryer Crispy Onions,meal
Oregano Roasted Carrots,meal
Carrot Fritters,meal
Carrot Potato Gratin,meal
Lava Sauce,meal
Hot Honey Grilled Carrots,meal
Air Fryer Hot Honey Glazed Carrots,meal
Air Fryer Sauteed Onions,meal
Caramelized Onion Mashed Potatoes,meal
Crunchy Chopped Salad with Sesame Ginger Dressing,meal
Gochujang Butter,meal
Copycat Chick-Fil-A Sauce,meal
Curried Egg Sandwiches,vegetable
Cucumbers and Egg Salad,vegetable
Shrimp Egg Salad,vegetable
Cauliflower and Egg Salad,vegetable
Simply Egg Salad,vegetable
Creamy Cauliflower Egg Salad,vegetable
Egg-Style Avocado Salad Sandwiches,vegetable
Ham & Egg Salad,vegetable
Harissa Egg Salad,vegetable
Green Goddess Egg Salad,vegetable
Puffy Taco Shells,bread
Tacos de Jamaica (Vegan Hibiscus Tacos),bread
Mexican Whole Wheat Flour Tortillas,bread
Chef John's Corn Tortillas,bread
Cassava Flour Tortillas,bread
Chef John's Flour Tortillas,bread
Mexican Chicken Taco Casserole,bread
Keto Tortillas,bread
Thick-Style Flour Tortillas,bread
Tortillas I,bread
Simple Egg and Cheese Breakfast Quesadillas,bread
Sincronizada,bread
Mexican Ham and Cheese Breakfast Casserole,bread
Easy Mexican Tortilla Soup,bread
Easy Grilled Shrimp Fajitas,bread
Copycat Triple Layer Nachos,bread
Easy Air Fryer Chicken Taquitos,bread
Mexican Bean and Tortilla Soup (Sopa Tarasca),bread
Shrimp Tacodillas,bread
Migas Breakfast Tacos,bread
Peanut Butter Burrito,bread
Twisted Air Fryer Shrimp Tacos,bread
Flourless Crepe Tortillas,bread
"""Cheeseburger"" Quesadillas",bread
Quick and Easy Mexican Breakfast Tacos,bread
Quick Whole Wheat Chapati,bread
Easy Two-Ingredient Naan,bread
Roti Canai/Paratha (Indian Pancake),bread
Naan-like Easy Flatbread,bread
Potato Chapati Bread,bread
Banana Chai Bread,bread
Aloo Paratha,bread
Akki Rotti,bread
Whole Wheat Chapati,bread
Parathas,bread
Pesarattu,bread
Wheat Dosa,bread
Eggless Mango Bread,bread
Melon and Prosciutto Salad,fruit
Melon Salad with Feta,fruit
Tomato Watermelon Salad,fruit
Easy Apple Slaw,fruit
Cream Cheese Fruit Salad,fruit
Very Easy Fruit Salad,fruit
Apple Snicker Salad,fruit
Berry Fruit Salad,fruit
Watermelon Salad,fruit
Mandarin Orange Watergate Salad,fruit
Cucumber and Apple Salad,fruit
Winter Fruit Salad with Poppyseed Dressing,fruit
Cranberry Jell-O® Salad with Walnuts,fruit
Watermelon Salad with Mint Dressing,fruit
Watermelon Feta Salad,fruit
Watermelon Salad with Feta,fruit
Watermelon Cucumber Salad,fruit
Betsy's Mandarin Orange Salad,fruit
"Red, White, and Blueberry Fruit Salad",fruit
Creamy Cranberry Salad,fruit
Christmas Cranberry Salad,fruit
Fruit Punch Salad,fruit
Sour Cream Cranberry Jell-O Salad,fruit
Strawberry Mango Mesclun Salad,fruit
Autumn Apple Salad,fruit
Autumn Waldorf Salad,fruit
Fabulous Fruit Salad,fruit
Summer Fruit Salad with Whipped Cream,fruit
Strawberry-Melon Summer Salad,fruit
Best Apple Salad,fruit
Chef John's Waldorf Salad,fruit
Tajin® Fruit Salad,fruit
Candy Apple Salad,fruit
Fourth of July Salad,fruit
Fresh Fruit Salad,fruit
Sunday Best Fruit Salad,fruit
Fruit Salad with Vanilla Yogurt,fruit
Nutty Strawberry Salad,fruit
Mom G's Cranberry Jell-O Salad,fruit
Cranberry Fluff,fruit
Frozen Strawberry Dessert Salad,fruit
"Orange, Fig, and Gorgonzola Salad",fruit
Fruit Salad with Lemon-Cinnamon Syrup,fruit
"Beet, Orange, and Apple Salad",fruit
Joy's Green Banana Salad,fruit
Tangy Poppy Seed Fruit Salad,fruit
Chris's Hawaiian Fluff Salad,fruit
Citrus Salad,fruit
Watermelon Fruit Salad,fruit
"""CranCrack"" Cranberry Salad",fruit
Sweet and Peppery Watermelon Salad,fruit
Spiralized Apple Salad,fruit
Warm Winter Citrus Dessert,fruit
Malaysian-Style Watermelon Salad,fruit
Citrus Walnut Salad,fruit
Lemon Basil Strawberry Salad,fruit
Fall Harvest Fruit Salad,fruit
Strawberry-Sauced Crunchy Fruit Salad,fruit
Fresh Summer Fruit Salad,fruit
Apple-Grape Salad with Pecan-Crusted Goat Cheese,fruit
The Brutus Salad,fruit
Apple-Fennel Salad,fruit
Waldorf Salad with Walnut Oil Vinaigrette,fruit
Waldorf Salad,fruit
Fresh Fruit with Poppy Seed Dressing,fruit
Fruit Slaw,fruit
Boozy Fruit Salad,fruit
Crisp Apples with Citrus Dressing,fruit
Festive Fruit Salad with Yogurt-Orange Dressing,fruit
Summer Fruit Salad with Mint Dressing,fruit
Mojito Fruit Salad,fruit
Watermelon Salad with Grapes and Citrus,fruit
Something Different' Fruit Salad,fruit
Spicy Fruit Salad,fruit
Boozy Watermelon,fruit
Chilled Watermelon Salad,fruit
"Watermelon, Strawberry, and Herbs",fruit
KM-Style Watermelon,fruit
Shrimp Goat Cheese Watermelon Salad Stack,fruit
Summer Fresh Fruit Salad,fruit
Watermelon Basil Salad,fruit
Refreshing Melon Salad,fruit
Pistachio Salad,fruit
Green Grape Salad,fruit
Orange Gelatin Salad,fruit
Cherry Fluff,fruit
Oreo Fluff Salad,fruit
Pistachio Fluff Salad,fruit
Cookie Salad,fruit
Auntie Midge's Hawaiian Salad,fruit
Lime Gelatin Salad,fruit
Taffy Apple Salad,fruit
Judy's Strawberry Pretzel Salad,fruit
Ambrosia Fruit Salad,fruit
Pink Fluff,fruit
Blueberry Salad,fruit
Cranberry Jell-O Salad,fruit
Rosa Marina Fruit Salad,fruit
Sarah's Ambrosia Fruit Salad,fruit
Orange Fluff I,fruit
Seven Layer Gelatin Salad,fruit
Pineapple Pretzel Salad,fruit
Almond Jelly,fruit
Fun Finger Gelatin,fruit
Red Hot Applesauce Jell-O,fruit
Broken Glass Cake,fruit
Cranberry Salad I,fruit
Heavenly Pink Salad,fruit
Strawberry Fluff,fruit
Old-Fashioned Strawberry Pretzel Salad,fruit
Easy Grape Salad,fruit
Fruit Salad,fruit
Thanksgiving Jell-O Salad,fruit
Coconut Ambrosia Salad,fruit
Lime Pear Gelatin Salad,fruit
Sea Foam Salad,fruit
Lemon Lime Vegetable Salad,fruit
Orange Buttermilk Salad,fruit
Wheat Salad,fruit
Cottage Cheese Fluff,fruit
Lime Fluff,fruit
Ambrosia Salad with Fruit Cocktail,fruit
Ambrosia Salad with Jell-O,fruit
Watergate Salad from DOLE,fruit
Bing Cherry Congealed Salad,fruit
Kelly's Ham Jell-O Salad,fruit
Orange Tapioca Salad,fruit
Carrot Gelatin Salad,fruit
Sawdust Salad,fruit
Mama's Ambrosia,fruit
Aunt Nancy's Grape Salad,fruit
Strawberry Whip,fruit
Orange Vinaigrette,fruit
Fresh Raspberry Balsamic Vinaigrette,fruit
Creamy Lemon Dressing,fruit
Raspberry Vinaigrette Dressing,fruit
Pear Vinaigrette,fruit
Tropical Salad with Pineapple Vinaigrette,fruit
Blueberry Vinaigrette Dressing,fruit
Green Salad with Cranberry Vinaigrette,fruit
Tasteful Tahini Salad Dressing,fruit
Lime-Cilantro Vinaigrette,fruit
Meyer Lemon Vinaigrette,fruit
Apple Walnut Salad with Cranberry Vinaigrette,fruit
Raspberry Balsamic Vinaigrette Dressing,fruit
Orange Citrus Vinaigrette,fruit
Creamy Dairy-Free Salad Dressing,fruit
Blood Orange Vinaigrette,fruit
Caesar Vinaigrette,fruit
Orange Vinaigrette Dressing,fruit
Creamy Vinaigrette,fruit
Yummy Pomegranate Vinaigrette Dressing,fruit
Red Raspberry Vinaigrette,fruit
Citrus-Basil Vinaigrette,fruit
Cranberry Balsamic Vinaigrette,fruit
Chili Lime Vinaigrette Dressing,fruit
Orange Cumin Vinaigrette,fruit
Cherry Farro Salad with Sweet Vinaigrette,fruit
Tamarind Vinaigrette,fruit
Tangy Tamari Dressing,fruit
Mixed Berry Balsamic Vinaigrette,fruit
Raspberry Vinaigrette Salad Dressing,fruit
Asian-Inspired Ginger Dressing,fruit
Chipotle-Lime Vinaigrette,fruit
Creamy Cashew Salad Dressing,fruit
Maille® Vinaigrette Dressing,fruit
Strawberry Vinaigrette with Dijon Mustard,fruit
Sweet n' Sour Salad Dressing,fruit
Strawberry Poppyseed Dressing,fruit
Three Greens and Fruit with Vinaigrette,fruit
Raspberry Salad Dressing I,fruit
Vegan Tahini Dressing,fruit
Mixed Citrus Vinaigrette,fruit
Creamy Lemon-Parmesan Salad Dressing,fruit
Grapefruit Vinaigrette,fruit
Strawberry Salad with Shallot-Honey Vinaigrette,fruit
Cantaloupe Dressing,fruit
Beautiful Blackberry Balsamic Dressing,fruit
Spicy Lime Vinaigrette,fruit
Caper and Lime Vinaigrette,fruit
Creamy Raw Cashew Caesar Dressing,fruit
Easy Raspberry Vinaigrette,fruit
Poached Pears with Wine Vinaigrette,fruit
Easy Lemon Vinaigrette,fruit
Dad's Prussian Dressing,fruit
Cranberry-Almond Vinaigrette,fruit
Herbaceous Salad with Lemon Vinaigrette,fruit
Simple Waldorf Salad,fruit
Irish Cream Bundt Cake,cake
Chocolate Rum Cake,cake
White Wine Pound Cake,cake
Pistachio Nut Bundt Cake,cake
Ladyfinger Cheesecake,cake
Creamy Coconut Cake,cake
Cranberry Cheesecake,cake
Gingerbread Cheesecake,cake
Old-Fashioned Persimmon Pudding,cake
Fresh Cranberry Cake,cake
Persimmon Cake,cake
Easy Baileys Cheesecake,cake
Popcorn Cake,cake
Antipasti Garlic Bread,bread
Caprese Garlic Bread,bread
Cheesy Garlic Bread,bread
Cheesy Stuffed Garlic Hawaiian Rolls,bread
Roasted Garlic Bread,bread
Garlic Bread Spread,bread
Toasted Garlic Bread,bread
Make-Ahead Garlic Toast,bread
Emergency Garlic Bread,bread
Homemade Garlic Bread,bread
Quick Garlic Breadsticks,bread
Parmesan Garlic Bread,bread
Easy Cheesy Garlic Bread,bread
Stef's Super Cheesy Garlic Bread,bread
Garlic Pita Bread Bites,bread
Stuffed Italian Bread,bread
Bread Machine Garlic Bread,bread
Garlic Bread Fantastique,bread
Jimmbo's Garlic Knots,bread
Just Garlic Toast,bread
Garlic and Herb Pull Apart Bread,bread
Crescent Dough Garlic Bread,bread
Cheese Onion Garlic Bread,bread
Garlic Bread,bread
Fried Garlic Pita,bread
Unbelievable Grilled Garlic Bread,bread
Two-Ingredient Dough Garlic Knots,bread
Lisa's Best Ever Garlic Bread,bread
Grilled Garlic Bread,bread
Rosemary Garlic Knots,bread
Extra Garlicky Garlic Knots,bread
Cheesy Grilled Bread,bread
Great Garlic Bread,bread
Herbed Garlic Bread,bread
The Best Garlic Bread,bread
Best Gingerbread Men Cookies,bread
Kim's Gingerbread Cookies,bread
Gingerbread Biscotti,bread
Gingerbread Men,bread
Heather's Gingerbread Cookies,bread
Easy Vegan Gingerbread Cookies,bread
McCormick® Gingerbread Men Cookies,bread
Children's Gingerbread House,bread
Gluten-Free Gingersnap Cookies,bread
Gingerbread Boys,bread
Classic Gingerbread Cutouts,bread
Egg-Free Gingerbread Cookies,bread
Gingerbread Cookies without Molasses,bread
Lassy Mogs,bread
Christmas Gingerbread House,bread
Gingerbread Gooey Butter Cookies,bread
Chocolate Gingersnaps,bread
Gingerbread Pizzelle,bread
Basic Gingersnap Cookies,bread
Gluten-Free Gingersnaps,bread
Healthier Big Soft Ginger Cookies,bread
Oma's Ginger Cookies,bread
Gingerbread Cookies with Cream Cheese Frosting,bread
Gingerbread People,bread
Gluten-Free Vegan Gingerbread Cookies,bread
Gingerbread Straws,bread
Orange-Gingerbread Cheesecake Bars,bread
Spiced Cutouts,bread
Basic Gingerbread Cookies,bread
Grandpa's Easy Vegan Gingerbread Cookies,bread
Ginger Cookies with Orange Glaze,bread
Cranberry-Ginger Linzer Torte Cookies,bread
Vegan Gingerbread Cookies with Soy Milk,bread
Monika's Oma's Lebkuchen Men,bread
Peanut-Ginger Double-Deckers,bread
Chocolate-Gingerbread Cookies,bread
White Chocolate Gingersnaps,bread
Gingerbread Cookies,bread
Gingerbread Folk,bread
Mixed Salad,vegetable
Warm Broccoli Caesar Salad,vegetable
Apple Pecan Salad,vegetable
Peach Quinoa Salad,vegetable
Peach and Blueberry Feta Salad,vegetable
Grilled Radicchio and Avocado Salad with Zhug,vegetable
Oregon Fall Salad,vegetable
Kale Sweet Potato Salad,vegetable
Grilled Chicken Caesar Salad,vegetable
"Red Pear, Pomegranate, and Gorgonzola Salad",vegetable
Green Goddess Salad,vegetable
Apple Spinach Salad,vegetable
Romaine Salad with Orange and Olives,vegetable
Beet Salad with Goat Cheese,vegetable
Best Homemade Caesar Salad Dressing,vegetable
Green Salad,vegetable
Strawberry Spinach Salad,vegetable
Spinach and Strawberry Salad,vegetable
Arugula Beet Salad,vegetable
Jamie's Cranberry Spinach Salad,vegetable
Kale and Pear Salad with Sesame-Ginger Dressing,vegetable
BLT Salad,vegetable
Spinach Salad with Warm Bacon Dressing,vegetable
Spinach Pomegranate Salad,vegetable
Kale Caesar Salad,vegetable
Classic Caesar Salad,vegetable
Beautiful Salad,vegetable
Spinach and Orzo Salad,vegetable
Mandarin Almond Salad,vegetable
Wilted Spinach Salad,vegetable
Easy Arugula Salad,vegetable
Missy's Candied Walnut Gorgonzola Salad,vegetable
Crunchy Romaine Salad,vegetable
Restaurant-Style House Salad,vegetable
Salad Niçoise,vegetable
My Favorite Beet Salad,vegetable
Simple Cranberry Spinach Salad,vegetable
Brunch Spinach Salad,vegetable
Grilled Hearts of Romaine,vegetable
Strawberry and Feta Salad,vegetable
Wild Rocket (Arugula) and Parmesan Salad,vegetable
Dandelion Salad,vegetable
Blue Cheese and Dried Cranberry Tossed Salad,vegetable
Harvest Salad,vegetable
Warm Shrimp Salad,vegetable
Super Summer Kale Salad,vegetable
Arugula and Strawberry Salad with Feta Cheese,vegetable
Classic Tossed Salad,vegetable
Strawberry Romaine Salad,vegetable
The Best Spinach Salad Ever,vegetable
Super Easy Spinach and Red Pepper Salad,vegetable
Blackberry Spinach Salad,vegetable
Avocado Watermelon Salad,vegetable
"Apple, Pomegranate, and Pecan Salad",vegetable
Spinach Salad with Curry Vinaigrette,vegetable
Greek-Style Shrimp Salad on a Bed of Baby Spinach,vegetable
Tropical Shrimp Spinach Salad,vegetable
Spinach Salad with Pomegranate Cranberry Dressing,vegetable
Shelly's Super Salad,vegetable
Date and Spinach Salad,vegetable
Avocado Watermelon Spinach Salad,vegetable
Berry Spinach Salad,vegetable
BLT Pasta Salad,vegetable
Roasted Butternut Squash Salad,vegetable
Fatoosh,vegetable
Classic Caesar Salad with Homemade Croutons,vegetable
Spicy Italian Salad,vegetable
"Roasted Lettuce, Radicchio, and Endive",vegetable
Maroulosalata (Greek Romaine Salad),vegetable
"Strawberry, Spinach, and Pear Salad",vegetable
Chopped Salad with Buttermilk Dressing,vegetable
Sugar Toasted Almond Spinach Salad,vegetable
Strawberry Romaine Summer Salad,vegetable
Georgie's Mango Papaya Salad,vegetable
"Tortellini, Steak, and Caesar",vegetable
Quick Avocado Salad,vegetable
"Romaine With Apple, Pecans and Blue Cheese",vegetable
Citrusy Romaine Salad with Shredded Chicken,vegetable
Autumn Apple Pepita Salad,vegetable
Italian Layered Salad with Bison Pepperoni,vegetable
Chicken Shawarma Salad with Tahini Dressing,vegetable
Strawberry Avocado Salad,vegetable
Greek Chicken and Potato Bowl,vegetable
Italian Taco Salad,vegetable
"Cherry, Pear, and Pecan Salad",vegetable
"Fresh Fig, Apple, and Pomegranate Salad",vegetable
"Shrimp, Avocado, and Grapefruit Salad",vegetable
Fabulous Fall Chicken Salad,vegetable
Spinach Watermelon Salad,vegetable
Authentic Lebanese Fattoush,vegetable
Arugula Salad with Goat Cheese and Pomegranate,vegetable
Arugula and Romaine Salad with Red Grapes,vegetable
Holiday Salad Wreath,vegetable
Hazelnut Blue Pecan Salad,vegetable
Iraqi Sumac Salad (Summag Salad),vegetable
Pretty Pomegranate Salad,vegetable
Arugula Salad with Avocado Citrus Vinaigrette,vegetable
"Blood Orange, Blueberry, and Feta Salad",vegetable
Denise Salad Number One,vegetable
Caesar Salad I,vegetable
Shaved Brussels Sprouts Caesar Salad,vegetable
Caesar Salad Bites,vegetable
Sunflower Caesar Salad,vegetable
Winter Green Salad,vegetable
Roasted Sweet Potato and Kale Salad,vegetable
Corn and Kale Salad,vegetable
Honey-Ginger Kale Salad,vegetable
Kale Pasta Salad,vegetable
Salmon and Kale Orzo Salad,vegetable
Kale and Brussels Slaw with Quinoa,vegetable
Chorizo-Spiced Party-Sized Chopped Veggie Salad,vegetable
Roasted Cauliflower with Kale Chips and Citrus,vegetable
Grandma's Salad Dressing,vegetable
Cheesy Bacon Ranch Burger Sliders,vegetable
Carrot Ribbon Salad,vegetable
Crunchy Radish and Two-Bean Salad,vegetable
Spicy Creamy Cucumber Salad,vegetable
Buttermilk Ranch,vegetable
Lacinato Kale Salad with Warm Bacon Vinaigrette,vegetable
"Cucumber Salad with Labneh, Za'atar, and Mint",vegetable
Homemade Caesar Dressing,vegetable
Crispy Tater Caesar Salad,vegetable
Potato Salad with Beans and Yogurt Dressing,vegetable
Copycat Chick-Fil-A Honey Mustard,vegetable
Copycat Wendy's Ranch Sauce,vegetable
Homemade Red Wine Vinaigrette,vegetable
Red Wine Vinaigrette,vegetable
Easy Coleslaw Dressing,vegetable
Our Favorite Balsamic Vinaigrette,vegetable
Pasta Salad with Homemade Dressing,vegetable
Quick and Easy Salad Dressing,vegetable
Homemade Ranch Dressing,vegetable
The Best Lemon Vinaigrette,vegetable
Easy Strawberry Vinaigrette,vegetable
Honey-Lime Vinaigrette,vegetable
Maple-Balsamic Vinaigrette,vegetable
Honey Mustard Dressing,vegetable
Creamy Balsamic Vinaigrette,vegetable
White Balsamic Vinaigrette,vegetable
Cilantro Lime Salad Dressing,vegetable
Mustard Vinaigrette,vegetable
Quick Thousand Island Dressing,vegetable
Chef John's Green Goddess Dressing,vegetable
Homemade Ranch Seasoning for Dip or Dressing,vegetable
Creamy Coleslaw Dressing,vegetable
Bill's Blue Cheese Dressing,vegetable
No-Salt Vinaigrette,vegetable
Creamy Italian Dressing,vegetable
Susan's Vinaigrette Coleslaw,vegetable
French Salad Dressing,vegetable
Thousand Island Dressing,vegetable
Honey Dijon Balsamic Vinaigrette,vegetable
Simple Coleslaw Dressing,vegetable
White Wine Vinaigrette,vegetable
Copycat Zesty Apple Cider Vinaigrette,vegetable
Homemade Buttermilk Ranch Dressing,vegetable
Lemon Poppyseed Dressing,vegetable
Roquefort Dressing,vegetable
Pretzel Salad,vegetable
White Gelatin,vegetable
Stained Glass Gelatin Cake,vegetable
Lime Salad,vegetable
Orange Sherbet Salad,vegetable
Spooky JELL-O JIGGLERS,vegetable
Pineapple Cranberry Salad,vegetable
Easy Watergate Salad,vegetable
Orange Gelatin,vegetable
Mother's Whipped Lime Dessert,vegetable
Swedish Cream,vegetable
Vegan Gelatin,vegetable
Holiday Green Gelatin Salad,vegetable
Mom's Secret Cherry JELL-O Salad,vegetable
Almond Gelatin,vegetable
Fish Egg Salad,vegetable
Rhubarb Gelatin Salad,vegetable
Blueberry Cream Dessert,vegetable
Bing Cherry Salad,vegetable
Mandarin Orange Gelatin Salad,vegetable
Blueberry Gelatin Salad,vegetable
Bing Cherry Gelatin Mold,vegetable
Lemon-Lime Soda Gelatin Salad,vegetable
Pimento Cheese Jell-O® Salad,vegetable
Apricot Salad,vegetable
Green Goddess Chicken and Cucumber Wraps,meal
Ploughman's Sandwich,meal
Hotdog Roll-Ups,meal
The Ultimate Pool Sandwich,meal
Asparagus and Eggs,meal
Meatless Grain Bowl,meal
Miso Noodle Soup in a Jar,meal
Arugula Salad with Stone Fruit,meal
Croque Madame,meal
Delicious Egg Salad,meal
Sloppy Joes,meal
Pasta Salad,meal
Best Cream Of Broccoli Soup,meal
Old-Fashioned Potato Salad,meal
Fresh Tomato Soup,meal
Reuben Sandwich,meal
Simple Salami Sandwich,meal
Old Fashioned Pea Salad,meal
Egg Butter,meal
Cucumber Soup with Tomatoes,meal
Sugar Salad,meal
Yeast Dumplings,meal
Po' Boy Remoulade Sauce,meal
The Ultimate Pasta Salad,meal
Tomato Gorgonzola Soup,meal
ESER's Balsamic Salad Dressing,meal
Belizean Chicken Stew,meal
Pizza Salad,meal
Fruity Chili Recipe,meal
Summer Pepper Salad,meal
Grandma's Chicken Soup,meal
Super-Delicious Zuppa Toscana,meal
Ukrainian Red Borscht Soup,meal
Baked Potato Soup,meal
Homemade Corn Dogs,meal
Caldo de Pollo,meal
Chef John's Creamy Mushroom Soup,meal
Broccoli Cheese Soup,meal
Make-Ahead Lunch Wraps,meal
Day-After-Thanksgiving Turkey Carcass Soup,meal
Philly Cheesesteak,meal
Three Bean Salad,meal
Homemade Sloppy Joes,meal
Black Bean and Corn Salad,meal
Easy French Dip Sandwiches,meal
"Sausage, Potato and Kale Soup",meal
Authentic Russian Salad 'Olivye',meal
Natasha's Chicken Burgers,meal
Hawaiian Ham and Cheese Sliders,meal
Taco Bell Seasoning Copycat,meal
Caprese Salad with Balsamic Reduction,meal
Italian Pasta Salad,meal
The Denver Omelet,meal
Baked Oatmeal Breakfast Bars,meal
Blonde Brownies,meal
Delicious Raspberry Oatmeal Cookie Bars,meal
Quinoa and Black Beans,meal
Apple Chips,meal
Peanut Butter Noodles,meal
"Chicken, Rice, and Vegetable Soup",meal
Granola Bars,meal
Turkey Wraps,meal
Incredibly Easy Vegetarian Chili,meal
Ham and Cheese Crescent Roll-Ups,meal
Apple Dip,meal
Mexican Bean and Rice Salad,meal
Blueberry Crumb Bars,meal
Gyoza,meal
Split Pea Soup without Pork,meal
Rainbow Rotini Salad,meal
Whole Wheat Blueberry Muffins,meal
Spinach Roll-Ups,meal
Zesty Tuna Salad,meal
Playgroup Granola Bars,meal
Wiener Winks,meal
Terrific Turkey Chili,meal
Better Peanut Butter Sandwich,meal
Egg Salad Sandwiches,meal
Strawberry Oatmeal Breakfast Bars,meal
Muffuletta Sandwich,meal
Extra Easy Hummus,meal
Ants on a Log,meal
Chicken Chili Soup,meal
Fresh Veggie Bagel Sandwich,meal
Fresh Veggie Wraps,meal
Low Fat Buttermilk Ranch Dressing,meal
Cucumber Sandwich,meal
Fruit Leather,meal
Easy Snack Wraps,meal
Broccoli and Tortellini Salad,meal
Lunch Box Hot Hot Dogs,meal
School Lunch Bagel Sandwich,meal
"Turkey, Cranberry, and Spinach Roll-Ups",meal
Quick and Easy Pimento Cheese,meal
Apricot Leather,meal
Blueberry Oatmeal Chia Seed Muffins,meal
Pork Empanadas,meal
Tabbouleh,meal
Tofu Sandwich Spread,meal
Apple Avocado Salad with Tangerine Dressing,meal
Baked Sweet Potato Sticks,meal
Cafeteria Macaroni and Cheese,meal
Home Made Top Tarts!,meal
Octodogs,meal
Baked Apple Chips,meal
Simple Peanut Butter and Tomato Sandwich,meal
Italian Pasta Veggie Salad,meal
Bake Sale Chocolate Chip Oatmeal Brownies,meal
Oatmeal Crackers,meal
Alphabet Soup,meal
Carrot Pulp Muffins,meal
Peanut Butter and Apple Sandwich,meal
Jumbo Whole Wheat Blueberry Muffins,meal
Perfect Apple Chips,meal
Tor-Tunas,meal
Light Fruit and Nut Granola,meal
Green Chicken Salad,meal
Edie's Patatosalata,meal
First Aid Lunch Kit,meal
Allergen-Free Raisin-Carrot Muffins,meal
So-Cal University Girl's Granola Bars,meal
Flourless Spiced Pumpkin Muffin Bites,meal
Honey Spiced Granola Bars,meal
TikTok Salmon Bowl,meal
Best Bean Salad,meal
The Best Vegetable Salad,meal
Sofrito,meal
Microwave Corn on the Cob in the Husk,meal
Onigiri (Japanese Rice Balls),meal
Mexican Ceviche,meal
Slow Cooker Spicy Black-Eyed Peas,meal
Sopa de Fideos,meal
Warm Dijon Potato Salad,meal
Tofu Salad,meal
Grilled Corn Salad,meal
Seafood Cioppino,meal
Slow Cooker Applesauce,meal
Raw Beet Salad,meal
Jicama Salad with Mango and Lime,meal
Stewed Okra with Tomatoes,meal
Creamy Crab and Pasta Salad,meal
Taco Slaw,meal
Quick Potato Salad,meal
Grandma's Carrot Salad,meal
Pressure Cooker Black Beans,meal
Black Bean and Chickpea Chili,meal
Vegan Black Bean and Sweet Potato Salad,meal
Spicy Red Bell Pepper Soup,meal
Freezer Slaw,meal
Curtido (El Salvadoran Cabbage Salad),meal
Black-Eyed Peas and Rice,meal
Ukrainian Salat Vinaigrette (Beet Salad),meal
Quick Artichoke Pasta Salad,meal
Marinated Beet Salad,meal
Savory Pumpkin Hummus,meal
Pico de Gallo with Cabbage (Mexican Coleslaw),meal
Green Bean and Potato Salad,meal
Mom's Portuguese Beef Stew,meal
Kid-Friendly Fruit Salad,meal
Marinated Carrot Salad,meal
Red BBQ Slaw,meal
Anytime Canned Corn Salad,meal
Vegetarian Sloppy Joes,meal
Lemon Chicken Orzo Soup,meal
Peruvian Chicken Soup (Aguadito de Pollo),meal
Shrimp Noodle Soup,meal
Cold Lentil Salad,meal
Smooth Broccoli Vitamix Soup,meal
Egyptian Lentil Soup,meal
Hatch Chile Salsa,meal
Tuna Fish Pea Salad,meal
Lower-Fat Coleslaw,meal
Fig and Arugula Salad,meal
Easter Fruit Salad,meal
Spicy Mango Salad,meal
Tilapia Ceviche,meal
Shredded Apple Carrot Salad,meal
Kale Salad Recipe,meal
Beef Birria Ramen,meal
Spring Roll Bowl,meal
Bourbon Teriyaki Salmon Rice Bowl,meal
Garlic Ginger Chicken Meatball Bowls,meal
Salmon Couscous Salad,meal
Chicken Teriyaki Rice Bowls,meal
Easy Korean Beef Bowl,meal
Egg Roll Bowl,meal
Air Fryer Pesto Chicken Quinoa Bowl,meal
Hot Honey Salmon Bowls,meal
Harvest Salmon Bowls,meal
Everything Bagel Seared Tuna Bowl,meal
Steak and Rice Bowls with Vegetable Relish,meal
Spicy Chicken Noodles,meal
Egg Roll in a Bowl,meal
Rice and Bean Bowl Dinner,meal
Sausage Egg Roll in Bowl,meal
Do-It-Yourself Salmon Poke Bowls,meal
Naked Chicken Burrito Bowl,meal
Asian Ground Beef Noodle Bowls,meal
Dynamite Rice,meal
Tonkatsu Shoyu Ramen (Pork Cutlet Soy Sauce Ramen),meal
Easy Keto Korean Beef with Cauli Rice,meal
Syrian Rice with Meat,meal
Halal Cart Chicken and Rice,meal
Shrimp Rice Bowl,meal
Fried Chicken Bowl,meal
Healthy Tasty Salmon Rice Bowl,meal
Cao La??u (Vietnamese Noodle Bowl),meal
Chickpea Buddha Bowl,meal
Quick Noodle-Veggie Bowls,meal
Skillet Burrito Bowl,meal
California Roll Rice Noodle Bowl,meal
Pad Thai Quinoa Bowl,meal
Asian Steak and Noodle Bowl,meal
Ramen Bowl,meal
Japanese Gyudon (Beef Bowl),meal
Amazing Peanut Soba Noodles,meal
Lemon-Parmesan Chicken and Rice Bowl,meal
Chicken Fajita Bowl,meal
Cilantro Lime Quinoa Bowl with Blackened Tilapia,meal
Gyudon Japanese Beef Bowl,meal
Instant Pot® Chicken and Wild Rice Bowls,meal
Korean Bulgogi Bowl,meal
Brown Rice Buddha Bowl,meal
Turkey Sloppy Joes with Pears,meal
Wonton Crab Grilled Cheese,meal
Tzatziki Chicken Naan Pizza,meal
Garlic Butter Grilled Cheese Hot Dog,meal
Scrambled Hot Dogs and Eggs,meal
Cheesy Corndog Casserole,meal
Hot Dog Pinecones,meal
Loaded Chili Dog Bake,meal
Pulled Chicken Shawarma Sandwich,meal
Croque Monsieur Sliders,meal
Pickle Grilled Cheese,meal
Cuban Crunchwrap,meal
Cream Cheese and Peanut Butter Strawberry Sandwich,meal
Air Fryer English Muffin Tuna Melt,meal
Everything But the Bagel Cottage Cheese Wrap,meal
French Onion Hotdogs,meal
Sloppy Joe Sliders,meal
Mississippi Pot Roast Cheesesteak,meal
Famous Mexican Hotdogs,meal
Smashed Chicken Parmesan Texas Toast,meal
Greek Smashed Pita,meal
"NYC Deli Bacon, Egg, and Cheese Sandwich",meal
Ramen Grilled Cheese,meal
Air Fryer Grilled Pimento Cheese,meal
Copycat McChicken Sandwich,meal
Walking Chili Cheese Dogs,meal
Instant Pot Chicago Beef,meal
"Texas Toast ""Maid Rites""",meal
Italian Marinated Grilled Cheese,meal
Peach Toast with Whipped Ricotta,meal
Easy Eggs Benedict Breakfast Sliders,meal
Crustless Grilled Cheese,meal
Chopped Italian-Style Sandwiches,meal
Lentil Chili Carrot Dogs,meal
Chicken Parm Sub Sandwiches,meal
Crispy Buffalo Chicken Sandwiches,meal
Baked Burger Dogs,meal
Sloppy Joe Smash Burgers,meal
Turkey Sub,meal
Italian Pinwheels,meal
Grilled Shrimp Caesar Wraps,meal
Arayes (Lebanese Crispy Meat Stuffed Pita),meal
Shrimp Cocktail Wraps,meal
Best Ever Cuban Sandwich,meal
Chopped Greek Chicken Sandwich,meal
Roast Beef and Cheddar Puff Pastry Pockets,meal
Watercress Tea Sandwiches,meal
Ronto Wrap,meal
The Original Donair From the East Coast of Canada,meal
Donair,meal
Tuna and Artichoke Wraps,meal
Air Fryer Ham and Cheese Wraps,meal
Lemon Chicken-Stuffed Pita Pockets,meal
Tuna-Stuffed Pita Pockets,meal
Rotisserie Chicken Wrap with Strawberries,meal
Easy Chicken Gyro,meal
Buffalo Chicken Wraps,meal
Leftover Pork Roast BBQ Wrap,meal
Lebanese Chicken Shawarma,meal
Gyros,meal
Chicken Salad Wraps,meal
American Gyros,meal
Traditional Gyros,meal
Easy Beef Shawarma,meal
Turkish Doner Kebab,meal
Honey Mustard Crispy Chicken Wrap,meal
BLT Wraps,meal
Roast Beef Horseradish Roll-Ups,meal
"Chicken, Feta Cheese, and Sun-Dried Tomato Wraps",meal
Buffalo Chicken and Rice Wraps,meal
Gyros Burgers,meal
California Club Chicken Wraps,meal
Lettuce Leaf Tacos,meal
Beef Gyro,meal
Chicken Souvlaki Gyro Style,meal
Teriyaki Chicken Wraps,meal
Turkish Kebabs,meal
Lebanese Donair,meal
Grilled Halloumi Wraps,meal
Hot Dog Roll-Up,meal
Finest Arabic Chicken Shawarma Sandwich,meal
Easy Lamb Gyros,meal
Venison Gyros,meal
Nova Scotia Style Donair,meal
Buffalo Chicken and Ranch Wraps,meal
Club Sandwich Wrap Hack,meal
Chicken Caesar Wrap,meal
Phoritto (Pho + Burrito),meal
Tempeh Gyros,meal
"Chicken, Avocado, and Bacon Lettuce Wrap",meal
Mexican Black Bean and Turkey Wraps,meal
Good Morning Wrap,meal
Warm Chicken Ranch Wraps,meal
Collard Green Wraps,meal
Sweet Corn Gazpacho,meal
Melon Cucumber Gazpacho,meal
Copycat Panera Creamy Tomato Soup,meal
Tuscan Chicken Soup,meal
Viking Stew,meal
Creamy Chicken and Mushroom Soup,meal
High Protein Broccoli Cheddar Soup,meal
"Easy Chicken, Rice, and Noodle soup",meal
Polish Cabbage Roll Soup,meal
Creamy Italian White Bean Soup,meal
Cottage Cheese Tomato Soup,meal
Mushroom Ramen,meal
Lazy French Onion Soup,meal
Harissa Butternut Squash Soup,meal
Creamy Tomato Bean Soup,meal
Coconut Lime Fish Soup,meal
Tomato White Bean Soup,meal
Chinese Hand-Pulled Noodles in Beef Broth,meal
Copycat Chick-fil-A Chicken Tortilla Soup,meal
Italian Penicillin Soup,meal
Cauliflower Cheddar Soup,meal
Slow Cooker Sausage Tortellini Soup,meal
Slow Cooker Loaded Potato Chowder,meal
Marry Me Sausage Orzo Soup,meal
Miso Chicken Noodle Soup,meal
Lobster-Vanilla Bean Bisque,meal
Marry Me Bean Soup,meal
Quick and Easy No-Chop Chicken and Wild Rice Soup,meal
Slow Cooker Italian Sausage Soup,meal
Sheet Pan Tomato Soup,meal
Chicken Pastina,meal
Creamy Sausage Tortellini Soup,meal
Slow Cooker Cheeseburger Soup,meal
Cowboy Soup,meal
Rustic Chicken and Dumplin's,meal
Coconut Curry Ramen,meal
Leftover Roast Chicken Coconut Soup,meal
Easy Slow Cooker Lasagna Soup,meal
Couscous Chicken Soup,meal
Chicken Soup with Pearl Couscous,meal
Quick Tomato and Bean Soup Provencal,meal
Cream of Artichoke Soup,meal
Creamy Cajun Potato Soup,meal
Artichoke Parmesan Soup,meal
Roasted Cauliflower and Garlic Soup,meal
Oma's Fabulous Matzo Ball Soup,meal
Chicken Pot Pie Soup,meal
Creamy Chicken Vegetable Soup,meal
Mom's Butter Bean Soup,meal
Polish Potato Soup,meal
Yakamein (New Orleans-Style Noodle Soup),meal
Easy Cabbage and Bean Soup,meal
Chef John's Chicken Tortilla Soup,meal
Trader Joe's Wonton Salad,meal
"Apple, Raisin, and Carrot Slaw",meal
Tzatziki Chicken Salad,meal
All-American Loaded Baked Potato Salad,meal
Grilled Corn and Avocado Salad,meal
Joses's Zucchini Salad,meal
Raw Zucchini Salad,meal
Zucchini Salad with Herbs and Red Onion,meal
Peach Burrata Salad,meal
Colorful Four Bean Salad,meal
Elote-inspired Chopped Salad,meal
Summer Crab Salad,meal
State Fair Pulled Pork and Cornbread Crouton Salad,meal
Pepperoni Pizza Pasta Salad,meal
Apple Cider Vinaigrette,meal
Chicken Caesar Smashed Tacos,meal
Cool Ranch Pickle Dorito Salad,meal
Cornbread Salad,meal
Greek Couscous Salad,meal
Pearl Couscous Salad,meal
Crispy Lemon Feta Potato Salad,meal
Copycat KFC Coleslaw,meal
Hearts of Palm and Avocado Salad,meal
Caprese Pasta with Thai Basil,meal
Citrus and Pomegranate Salad,meal
TikTok Green Goddess Salad,meal
Roasted Fall Vegetable Salad,meal
Cobb Salad,meal
Seven Layer Salad,meal
Marinated Fall Vegetable Pasta Salad,meal
Turkey Salad,meal
Peach and Tomato Caprese Salad,meal
Roquefort Pear Salad,meal
Easy Quinoa Salad,meal
Easy Cold Pasta Salad,meal
Fall Harvest Orzo Pasta Salad,meal
Roasted Beets and Burrata,meal
Chef John's Ham and Cheese Calzones,meal
Unbelievable Spinach Calzones,meal
Air Fryer Mini Pizza Calzones,meal
Italian Stuffed Bread,meal
Spooky Calzone Snake,meal
Calzone,meal
BBQ Chicken Calzones,meal
"Sausage, Spinach, and Ricotta Calzone",meal
Delicious Spaghetti Bread,meal
Bread Machine Calzone,meal
Meat and Veggie Stromboli,meal
Pepperoni Stromboli,meal
"Broccoli, Pepperoni and Three Cheese Calzones",meal
Air-Fried Chicken Calzone,meal
Spaghetti Bread,meal
Buffalo Chicken Calzones,meal
Cheeseburger Garbage Bread,meal
Real Italian Calzones,meal
Air Fryer Calzones,meal
Air Fryer Calzones With Two-Ingredient Dough,meal
Dooky Chase-Style Fried Chicken,meal
General Tso's Chicken,meal
Beer Batter,meal
Perfect Fried Shrimp,meal
Empanadas (Beef Turnovers),meal
Simple Deep Fried Turkey,meal
Sweet and Sour Pork,meal
Chef John's Buttermilk Fried Chicken,meal
Triple-Dipped Fried Chicken,meal
Deep-Fried Turkey,meal
Classic Fish and Chips,meal
Crunchy Fried Shrimp,meal
Southern Fried Chicken Livers,meal
Honey Walnut Shrimp,meal
Chef John's Nashville Hot Chicken,meal
Crispy Fried Chicken,meal
Japanese-Style Deep-Fried Shrimp,meal
Beer Batter Fish Made Great,meal
Best City Chicken,meal
Best Fried Walleye,meal
Fried Venison Backstrap,meal
Fried Mac and Cheese Balls,meal
Southern-Style Buttermilk Fried Chicken,meal
Deep-Fried Tilapia,meal
Fried Catfish Nuggets,meal
The Best Ever Chicken Nuggets,meal
Easy Skinless Fried Chicken Thighs,meal
Popcorn Chicken,meal
Light and Crispy Fried Halibut,meal
Southern Spicy Fried Chicken,meal
Perfect Sesame Chicken,meal
Fried Frog's Legs,meal
Millie Pasquinelli's Fried Chicken,meal
Mustard Fried Chicken,meal
Beer Battered Chicken,meal
Filipino Lechon Kawali,meal
Crispy Shrimp Tempura,meal
Korean Fried Chicken,meal
Traditional Indiana Breaded Tenderloin Sandwich,meal
Chef John's Scotch Eggs,meal
Southern Fried Chicken,meal
Cajun Deep-Fried Turkey,meal
Crispy Fried Fish,meal
Easy Fried Scallops,meal
Pupusas,meal
Fried Soft-Shell Crab,meal
Gourmet Pastelillos (Meat Pies),meal
Shrimp Po' Boys,meal
Ta'ameya (Egyptian Falafel),meal
Mochiko Chicken,meal
Chiles Rellenos (Stuffed Peppers),meal
Ashley's Chicken Katsu with Tonkatsu Sauce,meal
Favorite Fry Bread Tacos,meal
Taylor's Piroshki,meal
Spicy Korean Fried Chicken with Gochujang Sauce,meal
Chicken and Waffles,meal
Crispy Beer Batter Fish & Chips,meal
Fresh Salmon Patties,meal
One-Pan Creamy Baked Salmon and Orzo,meal
BBQ Salmon Bowls,meal
Grilled Whole Fish,meal
Chimichurri Shrimp,meal
Hot Honey Shrimp,meal
Caramel Cod,meal
Air Fryer Honey Mustard Salmon,meal
Panko Sesame Crusted Salmon Bites,meal
Shrimp Fajita Rice Casserole,meal
One Pot Mediterranean Shrimp and Vegetables,meal
Copycat Chili Crisp Shrimp,meal
Halibut en Papillote,meal
Mediterranean Salmon Baked in Foil,meal
Nicole's Salmon Wellington,meal
Cod Piccata,meal
Pomegranate Glazed Salmon,meal
Bang Bang Salmon,meal
Copycat Red Lobster Shrimp Scampi,meal
Seafood Paella,meal
Coconut Curry Salmon with Broccoli,meal
Mussels with Chorizo,meal
Grilled Halibut Foil Packs,meal
Grilled Salmon with Chimichurri,meal
Tuscan Salmon,meal
Salmon Caesar Salad,meal
Harissa Baked Salmon,meal
Grilled Tuna Steaks with Wasabi-Blueberry Sauce,meal
Ultimate Lowcountry Shrimp and Grits,meal
Individual Salmon Wellingtons,meal
Tuscan Butter Shrimp,meal
Creamy Lemon Shrimp Pasta,meal
Marry Me Shrimp Pasta,meal
One-Pan Shrimp And Rice,meal
Shrimp Pesto Penne,meal
Fish Puttanesca,meal
Honey Lime Salmon,meal
Parmesan-Crusted Baked Cod,meal
Mediterranean Baked Cod with Lemon,meal
Pan-Seared Cod with Lemon Aioli,meal
Best Pan Fried Cod with Tomatoes,meal
Crab Mac and Cheese,meal
The Best Easy Shrimp Enchiladas,meal
Shrimp Marinara,meal
Cornmeal-Crusted Cod,meal
Seasoned Pan-Fried Cod,meal
Creamy Cajun Shrimp and Sausage Pasta,meal
Skillet Lamb Meatballs with Orzo Pilaf,meal
Greek Chicken Meatballs,meal
BBQ Meatballs,meal
Saucy Sesame Gochujang Meatballs,meal
Family Sicilian Meatballs and Sauce,meal
Chicken Florentine Meatballs,meal
Chicken Cordon Bleu Meatballs,meal
Apple Butter Meatballs,meal
Giant Lazy Meatballs,meal
Chicken Piccata Meatballs,meal
Turkey Meatballs in Maple-Bourbon Mustard Sauce,meal
Swedish Meatball Pasta Bake,meal
Chicken Ricotta Meatballs,meal
Meatball Subs on a Stick,meal
Chicken Meatballs,meal
Greek Turkey Meatballs,meal
Harissa Chicken Meatballs,meal
Grilled Chicken Meatballs,meal
Quick Cabbage and Chicken Meatballs,meal
Skillet Meatballs,meal
Hoisin-Glazed Meatballs,meal
Peanut Butter Chicken Meatballs,meal
Spicy Chicken Zucchini Meatballs,meal
Polpette (Italian Meatballs),meal
Chicken Parmesan Meatballs,meal
Chef John's Chicken Meatballs,meal
Korean Barbecue-Style Meatballs,meal
Grape Jelly Meatballs,meal
Meatball Casserole,meal
Chef John's Italian Meatballs,meal
The Best Meatballs,meal
Italian Baked Meatballs,meal
Air Fryer Meatballs,meal
Easy Swedish Meatball Sauce,meal
Italian Spaghetti Sauce with Meatballs,meal
Meatball Sandwich,meal
Sweet and Sour Meatballs,meal
Easy Slow Cooker Swedish Meatballs,meal
Porcupine Meatballs,meal
Swedish Meatballs (Svenska Kottbullar),meal
Meatball Nirvana,meal
Quick Meatball Stroganoff,meal
Hawaiian Meatballs,meal
Chef John's Ricotta Meatballs,meal
Italian Turkey Meatballs,meal
Air Fryer Salmon Nuggets,meal
Frikadeller (Danish Meatballs),meal
Easy Homemade Meatballs,meal
Swedish Meatballs with Cream of Mushroom Soup,meal
Turkey Kofta Kebabs,meal
Chef John's Swedish Meatballs,meal
Creamy Chickpea Curry,meal
Mixed Vegetable Curry,meal
Chicken Thigh Curry,meal
Chickpea Tikka Masala,meal
Keema Aloo (Ground Beef and Potatoes),meal
Indian Chicken Curry (Murgh Kari),meal
Paneer Butter Masala,meal
Easy Indian Butter Chicken,meal
Indian Chicken Curry,meal
Chicken Makhani (Indian Butter Chicken),meal
Chicken Tikka Masala,meal
Curry-Coconut Shrimp,meal
Curry Stand Chicken Tikka Masala Sauce,meal
Jamaican Style Curry Chicken,meal
Vegan Sweet Potato Chickpea Curry,meal
Sweet Lamb Curry,meal
Vegetarian Korma,meal
Panang Curry with Tofu and Vegetables,meal
Chef John's Chicken Tikka Masala,meal
Indian Shrimp Curry,meal
Thai Green Curry Chicken,meal
Panang Curry with Chicken,meal
Curried Coconut Chicken,meal
Thai Pineapple Chicken Curry,meal
Curried Chicken and Broccoli Casserole,meal
Authentic Chicken Tikka Masala,meal
Indian Fish Curry,meal
Punjabi Chicken in Thick Gravy,meal
Chicken Curry and Potatoes,meal
Tandoori Chicken,meal
Goan Pork Vindaloo,meal
Easy Chicken Curry,meal
Chef John's Peanut Curry Chicken,meal
Thai Steamed Mussels,meal
Chicken Vindaloo,meal
Creamy Cashew Chicken Curry,meal
Spicy Vegan Potato Curry,meal
Thai Yellow Chicken Curry,meal
Sri Lankan Chicken Curry,meal
Spicy Pork Curry,meal
Murgh Makhani (Indian Butter Chicken),meal
Vegan Chickpea Curry without Coconut Milk,meal
Vegetable Kottu Roti,meal
Quick and Easy Vegetable Curry,meal
Slow Cooker Chicken Massaman Curry,meal
Chicken and Broccoli Curry,meal
South Asian-Style Ground Beef (Keema),meal
"Sweet Potato, Spinach, and Halloumi Curry",meal
Beef Vindaloo,meal
Authentic Bangladeshi Beef Curry,meal
Rajma (Kidney Bean Curry),meal
Authentic Thai Green Curry,meal
Thai Curry Tofu,meal
Thai Chicken Curry in Coconut Milk,meal
Coconut Curry Fish,meal
"Sun-Dried Tomato, Chicken, and Veggie Quiche",meal
Zucchini Quiche,meal
Texas Cowboy Quiche,meal
Easy Crab Quiche,meal
Quiche Supreme,meal
Easy Mini Quiches,meal
Simple Quiche Lorraine,meal
Hash Brown Crust Bacon Quiche,meal
Cowboy Quiche,meal
Puff Pastry Ham and Broccoli Quiche,meal
Asparagus and Ham Quiche Bites,meal
Crab Quiche,meal
Salmon and Swiss Chard Quiche,meal
Easy Ham and Cheese Quiche,meal
Easy Quiche,meal
Easy Bacon and Cheese Quiche,meal
Easy Crustless Quiche,meal
Asparagus Quiche,meal
Quiche Lorraine,meal
Basic Quiche by Shelly,meal
Quick Quiche,meal
Spinach Mushroom Quiche,meal
Light and Fluffy Spinach Quiche,meal
Easy Broccoli and Ham Quiche,meal
Easy Quiche Lorraine,meal
Quiche,meal
Spinach and Bacon Quiche,meal
Spinach Ricotta Quiche,meal
Mini Quiche Lorraine,meal
Salmon Quiche,meal
Chef John's Quiche Lorraine,meal
Spinach Quiche with Chicken,meal
Shrimp Quiche,meal
Smoked Salmon Quiche,meal
Quiche Florentine,meal
Spinach Quiche with Cottage Cheese,meal
Cheesy Quiche Crust,meal
Broccoli and Cheddar Quiche,meal
Shredded Potato Quiche,meal
Mini Quiches (Crustless),meal
Sausage Mushroom Quiche,meal
"Bacon, Cheese, and Caramelized Onion Quiche",meal
Spinach and Ham Quiche,meal
Onion Quiche,meal
Ham and Cheese Quiche,meal
Easy Chicken Quiche,meal
Cheesy Kale Quiche,meal
Zucchini Pie,meal
Asparagus and Mushroom Quiche,meal
Clark's Quiche,meal
Crustless Cottage Cheese Mini Quiches,meal
English Quiche Lorraine,meal
Easy Mini Quiche,meal
Tomato Quiche,meal
Belle and Chron's Spinach and Mushroom Quiche,meal
Quiche (Southern Egg Pie),meal
Cauliflower Quiche,meal
Asparagus and Swiss Cheese Quiche,meal
Breakfast Pies,meal
Bang Bang Chicken Fried Rice,meal
Kid-Friendly Chicken Katsu,meal
Lemon Marry Me Chicken,meal
Ayam Bakar (Indonesian Grilled Chicken),meal
Pesto Chicken Caprese,meal
Zucchini Chicken Rice Casserole,meal
Garlicky Grilled Pesto Chicken,meal
Easy After-Work Chicken Française,meal
Chicken Satay Bowls with Spicy Peanut Sauce,meal
Cheesy Chicken Zucchini Casserole,meal
Air Fryer Peanut Chicken,meal
Rotisserie Chicken Enchiladas,meal
Moroccan Chicken Tagine,meal
Hot Honey Feta Chicken Skewers,meal
Easy Rotisserie Chicken Enchiladas,meal
Chicken Alfredo Garlic Bread,meal
Chicken Biscuit Stew,meal
Neiman Marcus Chicken Casserole,meal
Creamy Curry-Spiced Chicken Pot Pie,meal
Chicken Cordon Bleu Casserole for One,meal
Chef John's Roman-Style Chicken,meal
Creamy Banana Pepper Bacon Chicken,meal
Slow Cooker Chicken Enchilada Casserole,meal
Mediterranean Crispy Rice Chicken Bowl,meal
Apple Cider Chicken,meal
Skillet Garlic Knot Chicken,meal
Bob's Stuffed Banana Peppers,meal
Ground Beef Stuffed Zucchini,meal
Greek Beef Stuffed Onions (Salantourmasi),meal
Easy Stuffed Taco Sweet Potatoes,meal
Zucchini Boats,meal
Italian Stuffed Cubanelle Peppers,meal
Orzo Stuffed Peppers,meal
Zucchini Pizza Boats,meal
Sausage Stuffed Onions,meal
Grilled Stuffed Poblanos,meal
Chicken-Stuffed Poblano Peppers,meal
Savory Stuffed Butternut Squash,meal
Stuffed Peppers,meal
Stuffed Cabbage Rolls,meal
Chicken Cordon Bleu,meal
Stuffed Eggplant Parmesan,meal
Baked Stuffed Shrimp,meal
Jazzy Stuffed Peppers,meal
Stuffed Shells,meal
Stuffed Cream Cheese Mushrooms,meal
Real Homemade Tamales,meal
Unstuffed Cabbage Roll,meal
Chef John's Chicken Kiev,meal
Cabbage Rolls,meal
Stuffed Green Peppers,meal
Chef John's Stuffed Peppers,meal
Stuffed Zucchini,meal
Baked Stuffed Peppers,meal
Chicken Stuffed Peppers,meal
Beef and Rice Stuffed Bell Peppers,meal
Crab Stuffed Flounder,meal
German Beef Rouladen,meal
Jumbo Stuffed Shells,meal
Mexican Vegetarian Stuffed Peppers,meal
Stuffed Pork Tenderloin,meal
Kelsey's Favorite Stuffed Green Peppers,meal
Beef Tamales,meal
Easy Stuffed Zucchini,meal
Halupki (Stuffed Cabbage),meal
Classic Chicken Cordon Bleu,meal
Easy Cabbage Rolls,meal
Spinach Cheese Manicotti,meal
Stuffed Peppers with Turkey and Vegetables,meal
Stuffed Pork Loin,meal
Stuffed Peppers My Way,meal
Instant Pot Basic Cabbage Rolls,meal
Air Fryer Stuffed Chicken Breasts,meal
Ukrainian Cabbage Rolls,meal
Homestyle Stuffed Peppers,meal
Chef John's Crab-Stuffed Sole,meal
Stuffed Bell Peppers,meal
Crab-Stuffed Lobster Tail,meal
Flank Steak Pinwheels,meal
Stuffed Acorn Squash with Sausage,meal
Spinach-Stuffed Chicken Breasts,meal
Noodle Bowl Formula,meal
Creamy Tortellini Soup,meal
Moroccan Harira Soup,meal
Farmer Cheese Dumplings,meal
Creamy Slow Cooker Potato Cheese Soup,meal
Homemade Chicken Soup,meal
Good New Orleans Creole Gumbo,meal
Absolutely Ultimate Potato Soup,meal
Best Jambalaya,meal
Split Pea Soup,meal
Basic Ham and Bean Soup,meal
Turkey Carcass Soup,meal
Classic Minestrone Soup,meal
Ham and Split Pea Soup Recipe ??A Great Soup,meal
Easy Homemade Chili,meal
My Best Clam Chowder,meal
Lentil Soup,meal
The Best Vegetarian Chili in the World,meal
Caldo de Res (Mexican Beef Soup),meal
Classic Goulash,meal
Cabbage Fat-Burning Soup,meal
Delicious Ham and Potato Soup,meal
The Best Thai Coconut Soup,meal
Best Damn Chili,meal
Simple Turkey Chili,meal
Slow Cooker Taco Soup,meal
Just Like Wendy's Chili,meal
Green Chile Stew,meal
Boilermaker Tailgate Chili,meal
Jeff's Hot Dog Chili,meal
Chicken Tortilla Soup,meal
Slow Cooker Chili,meal
Cioppino,meal
Louisiana Crawfish ?touffée,meal
Italian Wedding Soup,meal
New England Clam Chowder,meal
Easy White Chicken Chili,meal
Albondigas,meal
Laura's Quick Slow Cooker Turkey Chili,meal
Beef and Guinness Stew,meal
Cajun Chicken and Sausage Gumbo,meal
Homemade Beef Stew,meal
Hungarian Goulash,meal
Super Easy Chicken and Dumplings,meal
Pho (Vietnamese Noodle Soup),meal
Ham Bone and Green Split Pea Soup,meal
Authentic Cincinnati Chili,meal
Beef Barley Vegetable Soup,meal
White Chili with Ground Turkey,meal
Pasta Fazool (Pasta e Fagioli),meal
Chef John's Shrimp ?touffée,meal
Chef John's Sausage & Shrimp Jambalaya,meal
Puerto Rican Sancocho,meal
Slow Cooker Chicken Taco Soup,meal
Instant Pot Best Beef Stew,meal
Salmon Chowder,meal
Italian Sausage Soup,meal
Ghormeh Sabzi (Persian Herb Stew),meal
Stuffed Pepper Soup,meal
Fried Rice with Yum Yum Sauce,meal
Pork and Wild Rice Casserole,meal
Salmon Sushi Bake,meal
Pizza Rice Bake (Pizzaiola Rice),meal
Chicken and Sausage Jambalaya,meal
Roscoe's Jollof Rice,meal
Chicken Adobo Fried Rice,meal
One Pot Turmeric Chicken and Rice,meal
Hot Dog Fried Rice,meal
Shrimp Biryani,meal
"Spinach, Feta, and Rice Casserole",meal
Easy Chicken Fried Rice,meal
Zucchini and Asparagus Orzo Risotto,meal
Lemon Chicken And Rice Casserole,meal
Cabbage Fried Rice,meal
Creamy Wild Mushroom Risotto,meal
Easy Kimchi Fried Rice,meal
Cheesy Zucchini Rice,meal
"Garlic Chicken, Vegetable and Rice Skillet",meal
Air Fryer Shrimp Fried Rice,meal
Arroz Con Pollo (Chicken and Rice),meal
Buffalo Chicken Dynamite Rice,meal
Leftover Pork Fried Rice,meal
Gochujang Fried Rice,meal
Parmesan Risotto,meal
Gourmet Mushroom Risotto,meal
Easy Fried Rice,meal
Authentic Louisiana Red Beans and Rice,meal
Easy Paella,meal
Seafood Risotto,meal
Easy Red Beans and Rice,meal
Quick Pork Fried Rice,meal
Mexican Rice and Beans,meal
One-Pan Cheeseburger Rice,meal
Ground Beef and Rice Skillet,meal
French Onion Soup Rice,meal
Chicken Broccoli Rice Skillet,meal
Vegetable Fried Rice,meal
Instant Pot Mushroom Risotto,meal
Shrimp Fried Rice,meal
Cream Cheese and Crab Sushi Rolls,meal
Asparagus Risotto,meal
Afghani Kabli Pulao,meal
Chicken Fried Rice,meal
Crispy Fried Ground Beef Tacos,meal
Beef Birria Queso Tacos with Consommé,meal
Smash Burger Taco,meal
Phenomenal Pork Tacos,meal
Shrimp Tacos with Cilantro-Lime Crema,meal
Barbacoa Tacos,meal
Traditional Mexican Street Tacos,meal
Birria de Pollo (Chicken Birria) Tacos,meal
Ground Turkey Taco Meat,meal
Sarah's Easy Shredded Chicken Taco Filling,meal
Authentic Tacos al Pastor,meal
Navajo Fry Bread,meal
The Best Ground Beef Taco Meat,meal
Sheet Pan Sweet Potato-Orange Breakfast Tacos,meal
Crispy Coconut Shrimp Tacos,meal
Easy Pork Tacos with Pineapple Salsa,meal
Bang Bang Shrimp Tacos,meal
Copycat Doritos Locos Tacos,meal
Ground Pork Tacos with Pineapple Salsa,meal
Bloody Mary Pork Tacos,meal
Chicken Bacon Ranch Tacos,meal
Blackened Shrimp Tacos with Pineapple,meal
Low-Carb Keto Cheese Taco Shells,meal
Arrachera (Mexican Skirt Steak for Tacos),meal
Birria de Res Tacos (Beef Birria Tacos),meal
Taqueria-Style Tacos - Carne Asada,meal
Mexican Breakfast Tacos,meal
Taco in a Bag,meal
Air Fryer Oven Taco Shells,meal
Best Grilled Fish Tacos,meal
Simple Slow-Cooked Korean Beef Soft Tacos,meal
Chicken Wonton Tacos,meal
Instant Pot Tacos al Pastor,meal
Halibut Fish Tacos,meal
Tasty Lentil Tacos,meal
Slow Cooker Tacos al Pastor,meal
Carne Asada Tacos,meal
Air Fryer Crispy Fish Tacos with Slaw,meal
Baked Cod Fish Tacos,meal
Lime Chicken Soft Tacos,meal
Delicious Beef Tongue Tacos,meal
Fry Bread Tacos,meal
Fish Tacos with Mango Salsa,meal
Navajo Tacos,meal
Indian Tacos with Yeast Fry Bread,meal
Tacos De Matamoros,meal
Air Fryer Tacos de Papa,meal
Eggplant Tacos,meal
Shrimp Tacos,meal
Chicken Tacos,meal
Easy Keto Beef Tacos,meal
Million Dollar Potato Casserole,meal
Ratatouille Bake,meal
Broccoli Fritters,meal
Chef John's Tortilla de Patatas,meal
Pesto Spaghetti Squash,meal
Grandma's Hash Brown Casserole,meal
Eggplant Parmesan,meal
Creamy Garlic Pasta,meal
"Italian Sausage, Peppers, and Onions",meal
Haluski - Cabbage and Noodles,meal
Grandma's Polish Perogies,meal
Egg Bites,meal
Egg White Breakfast Bites,meal
Ginger Veggie Stir Fry,meal
Kielbasa with Peppers and Potatoes,meal
Garlic Noodles,meal
Simply Roasted Artichokes,meal
Vegetable Pizza,meal
Creamy Pasta Bake with Cherry Tomatoes and Basil,meal
Vegetarian Moussaka,meal
Baked Eggplant Parmesan,meal
"Baked ""Fried"" Breaded Eggplant",meal
Pita Pizza,meal
Muffin Pan Frittatas,meal
Cabbage Fritters,meal
Fettuccine Carbonara,meal
Pizza on the Grill,meal
Spinach Enchiladas,meal
Kartoffelklö?e (German Potato Dumplings),meal
Michigan Olive Burger,meal
The Crustburger,meal
Hamburgers with Grilled Apple and Chili Crisp,meal
Copycat Onion Wrapped Flying Dutchman,meal
Spicy Chicken Burgers With Mango Salsa,meal
Pork Dumpling Hamburger Sliders,meal
Chipotle Chicken Burgers,meal
Turkey Burgers with Rice Krispies,meal
Chimichurri Chicken Burgers,meal
Seven Layer Sliders,meal
Cuban-Style Sliders,meal
Homemade Smash Burgers,meal
Juiciest Hamburgers Ever,meal
Seasoned Turkey Burgers,meal
Best Turkey Burgers,meal
Best Hamburger Ever,meal
The Perfect Basic Burger,meal
Lamb Burgers,meal
Chef John's Loco Moco,meal
Cheeseburger Sliders,meal
Mushroom Swiss Burger,meal
Pickle Crustburger,meal
Fajita Cheeseburger,meal
French Onion Burgers,meal
Triple Seared Whiskey Burger,meal
Chicken Parm Burgers,meal
Buffalo Chicken Sliders,meal
Spicy Chicken Burger with Beer Cheese Sauce,meal
Ultimate Thanksgiving Leftovers Burger,meal
Bologna Sliders with Fried Onions,meal
"Easy Bacon, Onion, and Cheese-Stuffed Burgers",meal
Mushroom Swiss Smash Burgers with Truffle Sauce,meal
Smash Burgers,meal
Quinoa Black Bean Burgers,meal
Vegan Black Bean Burgers,meal
Grilled Bison Burgers,meal
Air Fryer Hamburgers,meal
Spinach and Feta Turkey Burgers,meal
Air Fryer Burgers,meal
Almost White Castle Hamburgers,meal
Venison Bacon Burgers,meal
Grilled Chicken Burgers,meal
Mushroom Veggie Burger,meal
Burger Sliders,meal
Tofu Burgers,meal
Blue Cheese Burgers,meal
Pan-Fried Turkey Burgers,meal
Philly Cheesesteak Sliders,meal
Ranch Burgers,meal
Fresh Salmon Burgers in the Air Fryer,meal
Ground Chicken Burgers,meal
Cornbread Taco Bake,meal
Easy Creamy Chicken and Rice Casserole,meal
Chicken and Apple Stuffing Casserole,meal
Philly Cheesesteak Casserole,meal
Cattle Ranch Casserole,meal
Cheesy Buldak Ramen Casserole,meal
Sauerkraut Casserole,meal
Slow Cooker Beef Enchilada Casserole,meal
Tomato Zucchini Casserole,meal
Tuna Melt Casserole,meal
Chicken Primavera Pasta Bake,meal
Crab Rangoon Casserole,meal
Taco Salad Casserole,meal
Red Curry Ham Gratin,meal
Reuben Casserole,meal
Million Dollar Ravioli Casserole,meal
Easy One Pan Creamy Baked Ravioli,meal
Loaded Cheeseburger Waffle Fry Bake,meal
Lavash Pizza,meal
Sweet Potato and Bacon Pizza,meal
Pizza Poppers,meal
New England Beach Pizza,meal
Folded Pizza Sandwich,meal
Buffalo Caesar Chicken Crust Pizza,meal
Copycat Crazy Puffs,meal
Sardine Pizza,meal
Heart-Shaped Pizza,meal
Mini Heart-Shaped Naan Pizzas,meal
Sicilian Sausage Rolls (Tomasini),meal
Mexican Polenta Pizza,meal
Grilled Bacon Pizza,meal
Prosciutto Peach Pizza,meal
French Bread Pizza,meal
Mini Pepperoni Pizza Cups,meal
Summer Pizza,meal
Elote Pizza,meal
Baguette Pizza,meal
Pizza Bianca with Prosciutto,meal
Grilled Pizza Bianca,meal
Grilled Pita Pizza,meal
Bruschetta Pizza,meal
Pizza Boats,meal
Pizza Bombs,meal
Bread and Butter Pizza,meal
Chicken Parmesan Pizza,meal
Lasagna Flatbread,meal
Easy Tortilla Pizza,meal
BBQ Chicken Pizza,meal
Puff Pastry Margherita Pizza,meal
Hawaiian Pizza,meal
Air Fryer Pizza,meal
Cowboy Pizza,meal
Mushroom Pizza,meal
Spinach-Artichoke Garlic Naan Pizza,meal
Fast English Muffin Pizzas,meal
Mexican Pizza,meal
Homemade Pepperoni Pizza,meal
Breakfast Pizza,meal
Brick-Oven Pizza (Brooklyn Style),meal
Pesto Pizza,meal
Mike's Homemade Pizza,meal
Red Curry Chicken Mini Pot Pies,meal
Creole Pot Pies,meal
Boursin Chicken Pot Pie,meal
Mini Chicken Pot Pies,meal
Chicken ? la King Pot Pies,meal
White Chicken Chili Pot Pie,meal
Doritos Locos Taco Pie,meal
Holiday Ham Pot Pies,meal
Meat Pies,meal
Seafood Pot Pie,meal
Chicken Pot Pie,meal
Dad's Leftover Turkey Pot Pie,meal
Mom's Fabulous Chicken Pot Pie with Biscuit Crust,meal
Steak and Kidney Pie,meal
Shepherd's Pie,meal
Meat Pie,meal
Individual Beef Wellingtons,meal
Gluten-Free Chicken Pot Pie,meal
Sophie's Shepherd's Pie,meal
Jamaican Beef Patties,meal
Healthier Chicken Pot Pie,meal
Easy English Cottage Pie,meal
French Canadian Tourtière,meal
Easy Chicken Pot Pie,meal
Tourtiere (French Canadian Meat Pie),meal
Turkey Shepherd's Pie,meal
Elegant Mushroom Pie Recipe,meal
Chicken Mushroom Strudel,meal
Pam's Bierocks,meal
Easter Meat Pie,meal
Easy Shepherd's Pie,meal
Perogies,meal
Irish Shepherd's Pie,meal
Fried Empanadas,meal
Beef Pot Pie,meal
Burek,meal
Impossibly Easy Cheeseburger Pie,meal
Traditional Shepherd's Pie,meal
Pasties,meal
Ground Beef Shepherd's Pie,meal
Classic Beef Empanadas,meal
Instant Pot Shepherd's Pie,meal
Classic Shepherd's Pie,meal
Stromboli,meal
Puff Pastry Chicken Pot Pie,meal
Chicken and Biscuit Casserole,meal
Pizzagaina,meal
Tourtière (French Canadian Meat Pie),meal
Rotisserie Chicken Pot Pie,meal
Simple Shepherd's Pie,meal
Yummy Cube Steaks,meal
Breaded Center Cut Pork Chops,meal
BBQ Pork Chop Foil Packs,meal
Stovetop Pork Chops and Potatoes,meal
Easy Baked Pork Chops with Stuffing,meal
Lisa's Favorite Carne Asada Marinade,meal
Marinated Flank Steak,meal
Simple Grilled Lamb Chops,meal
The Best Lamb Chops,meal
Braised Lamb Shoulder Chops,meal
Elk Steak Marinade,meal
Slow Cooker Lamb Chops,meal
Sous Vide Corned Beef,meal
The Perfect Prime Rib Roast,meal
Reverse-Sear Prime Rib Roast,meal
Garlic and Citrus Mojo Pork,meal
Low and Slow Prime Rib,meal
Chef John's Perfect Prime Rib,meal
Roasted Pork Loin,meal
Tangy Honey-Glazed Ham,meal
Easy Pressure Cooker Pot Roast,meal
Roast Beef and Pan Gravy for Beginners,meal
Best Roast Beef,meal
High Temperature Eye-of-Round Roast,meal
Foolproof Rib Roast,meal
Honey Glazed Ham,meal
Easy Rib Eye Roast,meal
Easy Marinated Pork Tenderloin,meal
Braised Corned Beef Brisket,meal
Herb Rubbed Sirloin Tip Roast,meal
Simple Beef Pot Roast,meal
Char Siu (Chinese BBQ Pork),meal
Pot Roast,meal
Oven Pot Roast,meal
Beef Pot Roast,meal
Slow Cooker Beef Pot Roast,meal
Slow Cooker Pork and Sauerkraut,meal
Traditional Sauerbraten,meal
Tri Tip Roast,meal
Top Sirloin Roast,meal
Oven Bag Pot Roast,meal
Simply the Easiest Beef Brisket,meal
Roast Leg of Lamb,meal
Slow Cooker Texas Smoked Beef Brisket,meal
Pork Butt Roast with Vegetables,meal
Home-Cured Holiday Ham,meal
Smoked Prime Rib Roast,meal
Instant Pot Venison Pot Roast,meal
Easy Slow Cooker Pot Roast,meal
Restaurant-Style Prime Rib Roast,meal
Pork Roast with the World's Best Rub,meal
Instant Pot Pot Roast,meal
Asian Pork Tenderloin,meal
Garlic Prime Rib,meal
Tender Eye of Round Roast,meal
Simple Savory Pork Roast,meal
Christmas Prime Rib,meal
Beef Wellington,meal
Dad's Basic Moist Pork Roast,meal
Porketta Roast,meal
Maple-Brined Pork Loin,meal
Roast Leg of Lamb with Rosemary,meal
Fabulous Beef Tenderloin,meal
Slow Cooker Pork Roast,meal
Almond Chicken Stir Fry,meal
Quick Tofu Stir Fry,meal
Turmeric Black Pepper Chicken with Broccoli,meal
Shrimp Stir-Fry With Snap Peas and Baby Corn,meal
Easy Chinese Fried Noodles,meal
Caramel-Apple Tofu and Noodle Stir-Fry,meal
Shiitake Mushroom Stir Fry,meal
Ground Turkey and Vegetable Stir Fry,meal
Shrimp Ramen Stir Fry,meal
Ground Turkey Teriyaki Stir-Fry,meal
Ground Beef and Broccoli Stir Fry,meal
Beef and Pineapple Stir Fry,meal
Shrimp and Chicken Stir-Fry,meal
Beef and Green Bean Stir Fry,meal
Shrimp and Pepper Stir-Fry,meal
Skillet Shrimp Fajitas with Cilantro-Lime Cream,meal
Chicken in Black Bean Sauce,meal
Gochujang Noodles,meal
Yaki Udon,meal
Mango Chicken Stir-Fry,meal
Teriyaki Shrimp Noodles,meal
Spicy Chicken and Green Bean Stir Fry,meal
Chicken Teriyaki and Noodles,meal
Green Beans and Chicken,meal
Chicken & Vegetable Stir-Fry,meal
Quick Beef Stir-Fry,meal
Chicken Stir Fry,meal
Quick and Easy Pancit,meal
Sweet and Sour Chicken Stir-Fry,meal
Pork Stir Fry,meal
Kung Pao Chicken,meal
Chop Suey,meal
Mongolian Beef and Spring Onions,meal
Pinakbet,meal
Restaurant-Style Beef and Broccoli,meal
Chicken and Broccoli Stir Fry,meal
Chinese Pepper Steak,meal
Breakfast Rice from Japan,meal
Stir-Fry Chicken and Vegetables,meal
Moo Shu Chicken,meal
Crispy Ginger Beef,meal
Ground Turkey Stir Fry with Vegetables,meal
Salmon Stir-Fry,meal
Lo Mein Noodles,meal
Chicken and Peppers with Balsamic Vinegar,meal
Sesame Beef,meal
Shrimp with Lobster Sauce,meal
Pork Lo Mein,meal
Stir-Fried Vegetables with Chicken or Pork,meal
Szechwan Shrimp,meal
Crispy Orange Beef,meal
Cherry Cola Ribs,meal
Oven-Baked Baby Back Ribs,meal
Prize-Winning Baby Back Ribs,meal
BBQ Country-Style Ribs,meal
Korean BBQ Short Ribs (Galbi),meal
Simple Beef Short Ribs,meal
Baby Back Ribs,meal
Tender Pork Spare Ribs,meal
Southern Grilled BBQ Ribs,meal
Simple BBQ Ribs,meal
Grilled BBQ Short Ribs with Dry Rub,meal
Grilled Country-Style Ribs,meal
Boiled & Baked Ribs,meal
Kalbi (Korean BBQ Short Ribs),meal
Easy Baked Beef Ribs,meal
Instant Pot Baby Back Ribs,meal
Barbecue Ribs,meal
Air Fryer BBQ Baby Back Ribs,meal
Best Stovetop BBQ Ribs,meal
Instant Pot Ribs from Frozen,meal
Honey Garlic Ribs,meal
Slow Cooker Barbequed Beef Ribs,meal
Fall-off-the-Bone Instant Pot Ribs,meal
Simple Country Ribs,meal
Easy St. Louis-Style Pork Ribs on Gas Grill,meal
Oven-Baked BBQ Ribs,meal
Slow Cooker Pork Rib Tips,meal
Slow Cooker Short Ribs,meal
Sweet Smoked Pork Ribs,meal
Korean BBQ Galbi,meal
Quick Baby Back Ribs,meal
"Mom's ""Sweet 'n Sours"" Pork Ribs",meal
Not-Your-Everyday Smoked Pork Spare Ribs,meal
Smothered Beef Short Ribs,meal
Salt and Pepper Spare Ribs,meal
Slow Cooker Potluck Spare Ribs,meal
Spareribs and Sauerkraut,meal
Slow Cooker Ribs,meal
Traditional Rub for St. Louis Ribs,meal
Mom's Stovetop Pork Ribs,meal
Barbequed Ribs,meal
Scott Hibb's Amazing Whisky Grilled Baby Back Ribs,meal
Filipino Ribs,meal
Oven-Roasted Ribs,meal
Braised Beef Short Ribs,meal
Air Fryer Baby Back Ribs,meal
Greek Ribs,meal
Slow-Cooker Barbecue Ribs,meal
BBQ Country-Style Pork Ribs - Sous Vide,meal
Tanya's Boneless Short Ribs,meal
Barbeque Style Braised Short Ribs,meal
Lamb Ribs with Honey and Wine,meal
Oven-Roasted Lamb Ribs,meal
Texas Pork Ribs,meal
Instant Pot BBQ Rib Tips,meal
Chef John's Copycat McRib Sandwich,meal
Instant Pot Ribs,meal
Peposa Dell'Impruneta (Tuscan Black Pepper Beef),meal
Maple Glazed Ribs,meal
Instant Pot Short Ribs,meal
Braised Short Ribs,meal
Drunken Ribs,meal
Savory Apple Cider Beef Stew,meal
Steak and Broccoli Stir Fry,meal
Filet Mignon with Bacon Cream Sauce,meal
Oxtail Rendang Curry,meal
Corned Beef Stroganoff,meal
Pepper Parm Prime Rib,meal
Easy Roasted Beef Tenderloin,meal
Beef Tenderloin with Dijon Cream Sauce,meal
One-Pot Beef Ramen Noodles,meal
Easy Pot Roast,meal
French Onion Beef and Noodles,meal
The Best Teriyaki Ribs,meal
Tex-Mex Ground Beef and Potato Skillet,meal
Tri-Tip Bulgogi,meal
Amish Beef and Noodles,meal
Parmesan Espresso Martini Steak,meal
Red Wine Braised Beef Tips,meal
Italian Braised Beef and Potatoes,meal
Grilled Balsamic Beef,meal
Beef Tips,meal
One-Dish Meatball and Ravioli Casserole,meal
Grilled Tri-Tip,meal
John Wayne Casserole,meal
Braised Beef,meal
Slow Cooker Mexican Beef Stew,meal
Easy Meatloaf,meal
Air Fryer Crispy Beef and Broccoli,meal
Instant Pot Beef Paprika,meal
Absolute Best Liver and Onions,meal
Salisbury Steak,meal
Lace Skirt Dumplings,meal
Homemade Dumplings,meal
One Pan Dumpling Dinner,meal
Apple Sausage Gravy Dumplings,meal
Sweet Potato Dumplings with Peach-Thai Chili Sauce,meal
Beef and Mushroom Dumplings in Broth,meal
Collard Green Wontons,meal
Manti (Armenian Dumplings),meal
Perfect Pot Stickers,meal
Pork Dumplings,meal
German Spaetzle Dumplings,meal
Wonton Wrappers,meal
Chinese Pork Dumplings,meal
Classic Chicken and Dumplings,meal
Best Pennsylvania Dutch Chicken Corn Soup,meal
Mom's Hearty Beef Stew with Dumplings,meal
Chicken and Gnocchi Soup,meal
Homemade Manti (Traditional Turkish Dumplings),meal
Gnocchi with Sage-Butter Sauce,meal
Käsespätzle,meal
Chicken Stew with Dumplings,meal
Old-Fashioned Chicken and Dumplings,meal
Russian Pelmeni,meal
Rolled Dumplings,meal
Ricotta Gnocchi,meal
Knoephla Soup,meal
Air Fryer Potstickers,meal
Pierogi Dough,meal
Siopao (Filipino Steamed Buns),meal
Momma's Best Chicken and Dumplings,meal
Siopao (Filipino Steamed Dumplings),meal
Homemade Gluten-Free Gnocchi,meal
Quick Gnocchi,meal
Mom's Simple Dumplings,meal
Easy Chicken and Dumplings,meal
Potato Klubb (Norwegian Potato Dumplings),meal
Yaki Mandu (Korean Dumplings),meal
Herbed Dumplings,meal
Semmelknoedel (Bread Dumplings) Recipe,meal
Easy Homemade Dumplings,meal
Ukrainian Olha's Varenyky (Perogies),meal
Campbell's® Slow-Cooker Chicken and Dumplings,meal
Tamales Rojos de Pollo (Red Chicken Tamales),meal
Gnocchi Bake,meal
Gnocchi with Tomato Sauce and Mozzarella,meal
Lazy Man's Pierogi,meal
Tuscan Style Ribs (Rosticciana),meal
Sweet Tea Ribs,meal
Pistachio Stuffed Pork Tenderloin,meal
BBQ Pork Crispy Rice,meal
Honey Garlic Pork Tenderloin,meal
Southwestern Pulled Pork Sliders,meal
Slow Cooker Honey Mustard Pulled Pork,meal
Apple Cider Pork Tenderloin With Sweet Potatoes,meal
Honey Mustard Pretzel Pork Chops,meal
Pulled Pork Casserole,meal
Pork Scallopini,meal
Hawaiian-Style Kalua Pork,meal
Pork Chile Verde,meal
Oven Baked Pulled Ham,meal
Naked Eggs Benedict,meal
The Best Easy Pork Tenderloin,meal
Sweet and Sour Pork Stir Fry,meal
Pork Tenderloin with Peaches,meal
Three Cheese Ham Involtini,meal
Balsamic Braised Pork Tenderloins with Fresh Figs,meal
Spicy Pumpkin Pork Noodles,meal
Easy Sausage Gravy and Biscuits,meal
Bob's Smoked Pulled Pork,meal
Souvlaki,meal
"Sausage, Peppers, Onions, and Potato Bake",meal
Baked Ham,meal
Homemade Turkey Sausage Patties,meal
Turkey in a Smoker,meal
Juicy Thanksgiving Turkey,meal
Oven-Roasted Turkey Breast,meal
A Simply Perfect Roast Turkey,meal
Roast Spatchcock Turkey,meal
How to Cook a Turkey,meal
Easy Beginner's Turkey with Stuffing,meal
Turkey in a Bag,meal
Air Fryer Turkey Breast,meal
Slow Cooker Turkey Legs,meal
Turkey ? la King,meal
Slow Cooker Turkey Breast,meal
Turkey Breakfast Sausage,meal
Perfect Turkey,meal
Turkey Roulade,meal
Herb Marinated Turkey Tenderloin,meal
Roasted Turkey Thighs,meal
Bacon Wrapped Turkey,meal
BBQ Turkey,meal
Brined and Roasted Whole Turkey,meal
Original Hot Brown,meal
Gas Grill Turkey,meal
Instant Pot Turkey Breast,meal
Easy Herb-Roasted Turkey,meal
Chef John's Roast Turkey and Gravy,meal
Turducken,meal
Perfect Turkey Breast Roast in the Air Fryer,meal
Boneless Turkey Breast in the Instant Pot®,meal
Dry Brine Turkey,meal
Smoked Turkey Breast,meal
The World's Best Turkey,meal
Rosemary Roasted Turkey,meal
Juicy Two-Stage Thanksgiving Turkey Marinade,meal
Bacon-Wrapped Chicken Tenders,meal
Instant Pot Frozen Turkey Breast,meal
Smoked Whole Turkey Breast,meal
Very Moist and Flavorful Roast Turkey,meal
Slow Cooker Boneless Turkey Breast,meal
Upside-Down Turkey,meal
"Homestyle Turkey, the Michigander Way",meal
Chef John's Boneless Whole Turkey,meal
McCormick Savory Seasoning for Roast Turkey,meal
Turkey Cabbage Rolls,meal
The Greatest Grilled Turkey,meal
Chicken and Sausage with Bowties,meal
Baked Turkey Wings,meal
Tender Breaded Turkey Cutlets,meal
Deep-Fried Turkey Breast,meal
Turkey Salisbury Steak,meal
Smoked Turkey (Without Smoker),meal
Maple Glazed Turkey Roast,meal
Fried Turkey Wings,meal
Champagne Chicken,meal
Chicken with Creamy Sun-Dried Tomato Sauce,meal
Lobster Ravioli,meal
Roasted Rack of Lamb,meal
Cornish Game Hens with Garlic and Rosemary,meal
Cedar Planked Salmon,meal
Braised Lamb Shanks,meal
Peking Duck,meal
Chicken Souvlaki with Tzatziki Sauce,meal
How to Make Coquilles Saint-Jacques,meal
Savory Sea Scallops and Angel Hair Pasta,meal
Steamed Lobster Tails,meal
Cornish Hens the Easy Way,meal
Butterflied Roast Chicken with Lemon and Rosemary,meal
Creamy Pesto Shrimp,meal
Real N'awlins Muffuletta,meal
Baked Dijon Salmon,meal
Chicken Biryani,meal
Eggs Benedict,meal
Crème Brûlée French Toast,meal
Instant Pot Simple Steamed Crab Legs,meal
Pan-Seared Salmon,meal
Fresh Semolina and Egg Pasta,meal
Roasted Lamb Breast,meal
Crispy Roasted Chicken,meal
Best Brioche French Toast,meal
Baked Pompano,meal
Hot Italian Sausage,meal
Dry-Brined Smoked Salmon,meal
Scott Ure's Clams and Garlic,meal
Steelhead Trout Bake with Dijon Mustard,meal
Mediterranean Salmon,meal
Delicious Easy Chicken Francese,meal
Shrimp de Jonghe,meal
Miso Butter Ramen Noodles,meal
Creamy Chicken Sausage Orzo Skillet,meal
Thai Peanut Butter Ramen,meal
Easy Parmesan Garlic Ramen,meal
Chilled Lo Mein Noodles with Szechuan Peppercorns,meal
Lemon Caper Pasta,meal
Spicy Garlic Udon Noodles,meal
Spaghetti Squash Carbonara,meal
Roasted Duck,meal
Calico Beans,meal
Shoyu Chicken,meal
Easy Canned Venison,meal
Roast Pheasant,meal
Chef John's Classic Beef Stroganoff,meal
Famous Butter Chicken,meal
Venison Stroganoff,meal
Grilled Wild Duck Breast,meal
Pork Osso Buco,meal
Butternut Squash Risotto,meal
Shish Tawook Grilled Chicken,meal
Caramel Apple Pork Chops,meal
Megan's Granola,meal
Buffalo-Style Chicken Pizza,meal
Instant Pot Chicken and Dumplings,meal
Rigatoni alla Genovese,meal
Stovetop Granola,meal
Turkey and Stuffing Casserole,meal
Gorgonzola Cream Sauce,meal
Chef John's Shepherd's Pie,meal
Cedar Plank Salmon,meal
Beer Glazed Brats and Sauerkraut,meal
Leftover Turkey Tetrazzini,meal
Eggplant Rollatini,meal
"Duck with Honey, Soy, and Ginger",meal
Stuffed Eggplant,meal
Chicken Savoy,meal
Pancetta Primavera Rigatoni,meal
Louisiana Crawfish Boil,meal
Guinness Corned Beef,meal
Chicken Piccata with Angel Hair Pasta,meal
Chinese Chicken Fried Rice,meal
Louisiana Red Beans and Rice,meal
Springfield-Style Cashew Chicken,meal
Trout Amandine,meal
Seattle Cream Cheese Dogs,meal
Creamed Eggs on Toast,meal
Asparagus and Mozzarella Stuffed Chicken Breasts,meal
Ham Balls,meal
Cornish Game Hens with Rice Stuffing,meal
Spicy Rapid Roast Chicken,meal
Sweet Bacon-Wrapped Pork Loin,meal
Slow Cooker Adobo Chicken,meal
Pav Bhaji,meal
Grilled Lamb with Brown Sugar Glaze,meal
Chicken Asparagus Casserole,meal
Stuffed Artichokes,meal
Gourmet Chicken Sandwich,meal
Romantic Chicken with Artichokes and Mushrooms,meal
Elegant Penne with Asparagus and Shrimp,meal
Risotto with Chicken and Asparagus,meal
Pizza Without the Red Sauce,meal
Asian Beef with Snow Peas,meal
Shredded Beef Chimichangas,meal
Stir Fried Sesame Vegetables with Rice,meal
Lasagna Alfredo Roll Ups,meal
Chicken Asparagus Roll-Ups,meal
Broccoli Risotto,meal
Mint Crusted Rack of Lamb,meal
Easy Ham and Noodles,meal
Mushroom Asparagus Risotto,meal
Mixed Seafood Curry,meal
Sesame Shrimp Stir-Fry,meal
Asparagus and Mushroom Frittata,meal
Island Kielbasa in a Slow Cooker,meal
Lemon Pepper Cod,meal
Toad In a Hole,meal
Ropa Vieja in a Slow Cooker,meal
Chef John's Roasted Leg of Lamb,meal
Stir-Fried Shrimp with Snow Peas and Ginger,meal
Creamy Asparagus Pasta,meal
Spinach Cheese Pie,meal
Loquat Chicken,meal
Unique Spinach Noodles,meal
Spinach and Cheese Stuffed Pasta Shells,meal
Caribbean Jerk Stir-Fry,meal
Garlic Butter Burger,meal
Best BBQ Chicken,meal
Kofta Kebabs,meal
Kabobs,meal
Grilled Chicken Sandwiches,meal
Marinated Tuna Steak,meal
Easy Garlic-Lemon Scallops,meal
Dave's Low Country Boil,meal
No-Noodle Zucchini Lasagna,meal
Grilled Chicken Marinade,meal
Turkish Chicken Kebabs,meal
Grilled Sea Bass,meal
Beer Can Chicken,meal
Tomato Mozzarella Salad,meal
Chef John's Tomato Tart,meal
"Slow Cooker Green Beans, Ham and Potatoes",meal
Homemade Sushi,meal
Greek Chicken,meal
Wisconsin Bratwurst,meal
Garlic Shrimp Linguine,meal
Lemon Garlic Tilapia,meal
Grilled Spatchcocked Greek Chicken,meal
Seafood Boil,meal
Better than Best Fried Chicken,meal
Yogurt Parfait,meal
Garlic Chicken,meal
Slow Cooker Lemon Garlic Chicken,meal
Grilled Marinated Shrimp,meal
Chef John's Barbecue Chicken,meal
Spicy Garlic Lime Chicken,meal
Easy Spaghetti with Tomato Sauce,meal
Garlic Top Sirloin Pot Roast,meal
Enchiladas Suizas,meal
Cabbage Roll Casserole,meal
Traditional Osso Buco,meal
Overnight Blueberry French Toast,meal
Breakfast Sausage Casserole,meal
Ham with Pineapple,meal
Chicken Murphy,meal
Sausage and Sauerkraut,meal
Boiled Chicken,meal
Chef John's Macaroni and Cheese,meal
True Bangers and Mash with Onion Gravy,meal
Newfoundland Jigg's Dinner,meal
Creamed Chicken for Biscuits,meal
Spaghetti Squash,meal
Eggnog French Toast,meal
Braised Lamb Ragù,meal
Kielbasa and Cabbage,meal
Christmas Brunch Casserole,meal
Classic Tuna Noodle Casserole,meal
Baked Omelet,meal
Tomato Bredie,meal
Roast Pork with Maple and Mustard Glaze,meal
Pork Pie,meal
American Shepherd's Pie,meal
Heavenly Lamb Shanks,meal
BBQ Pulled Pork Pizza,meal
Creamy Vegan Baked Pasta with Brussels Sprouts,meal
Baked Tofu,meal
Savannah's Best Marinated Portobello Mushrooms,meal
Seitan Wheat Meat (Vegan Meat Substitute),meal
Vegan Stuffed Peppers,meal
Briam (Greek Baked Zucchini and Potatoes),meal
Tofu Stir-Fry with Peanut Sauce (Vegan),meal
"Jackfruit Pulled ""Pork""",meal
Aloo Matar,meal
Mexican Black Beans and Rice Recipe,meal
Air Fryer Tofu,meal
Moong Dal,meal
Vegetarian Sushi,meal
Ultimate Tofu Breakfast Burrito Bowls,meal
Tofu Turkey I,meal
Quinoa Porridge,meal
Mediterranean Rice Salad with Vegetables,meal
Moroccan Lentil Soup,meal
Meyer Lemon Avocado Toast,meal
Marrakesh Vegetable Curry,meal
Delicious Lentil Loaf,meal
Lentils And Spinach,meal
Spicy Asian Ramen Noodles,meal
Vegan Chocolate Blended Baked Oats,meal
Sauteed Potatoes with Kale,meal
Vegan Mofongo (Fried Mashed Plantains),meal
Spicy Indian Dahl,meal
Yellow Squash and Tofu Stir Fry,meal
Vegan Bean Taco Filling,meal
Vegetarian Chickpea Tacos,meal
Vegan Spaghetti and (Beyond) Meatballs,meal
Low-Calorie Vegan Chili,meal
Cucumber Tabbouleh,meal
Vegetable Masala,meal
Aloo Gobi,meal
Vegan Lasagna I,meal
Air Fryer Falafel,meal
Blueberry Smoothie Bowl,meal
Reduced-Calorie Chocolate Banana Oatmeal,meal
Easy Pineapple Fried Rice,meal
Veggie Stir-Fry with Potatoes,meal
American-Style Red Beans and Rice,meal
Couscous with Olives and Sun-Dried Tomato,meal
Jicama Tortillas,meal
Beyond Beef Vegan Meatballs,meal
Simple Hamburger Stroganoff,meal
Beef Stroganoff,meal
Simple Beef Stroganoff,meal
Beef Stroganoff for Instant Pot,meal
Chicken Stroganoff-Stuffed Baked Potatoes,meal
Rich and Creamy Beef Stroganoff,meal
Simple Stroganoff,meal
Quick and Easy Hamburger Stroganoff,meal
No Sour Cream Beef Stroganoff,meal
Easy Beef Stroganoff,meal
Easy Stroganoff,meal
Instant Pot Ground Beef Stroganoff,meal
Nana's Beef Stroganoff,meal
Easy Slow Cooker Beef Stroganoff,meal
Best Ever Russian Beef Stroganoff,meal
Ground Beef Stroganoff,meal
Campbell's Kitchen Beef Stroganoff,meal
Beef Stroganoff with White Wine,meal
Beef Stroganoff with Steak,meal
Daria's Slow Cooker Beef Stroganoff,meal
Creamy Beef Tips with Egg Noodles,meal
Stroganoff,meal
Beef Stroganoff with Ground Beef,meal
Best Home-Style Beef Stroganoff,meal
So Simple Beef Stroganoff,meal
Easy Beef Stroganoff in the Slow Cooker,meal
Best Beef Stroganoff,meal
Classic Beef Stroganoff in a Slow Cooker,meal
Cream Cheese Steak Stroganoff,meal
Elegant Beef Stroganoff,meal
One-Pot Ground Beef Stroganoff,meal
Healthier Beef Stroganoff,meal
Simple Ground Beef Stroganoff,meal
Easy Slow Cooker Stroganoff,meal
Instant Pot Beef Stroganoff,meal
Beef Stroganoff with Noodles,meal
Beef Stroganoff Casserole,meal
Instant Pot Beef and Noodles,meal
"Beef and Mushroom Stroganoff, Aussie Style",meal
Mitzie's Beef Stroganoff,meal
Burgundy Stroganoff,meal
Marlene's Beef Stroganoff,meal
Hybrid Hamburger Stroganoff,meal
Super Easy Ground Beef Stroganoff,meal
Show-Off Stroganoff,meal
Zucchini Roll Lasagna on Turkey Bolognese,meal
Roasted Butternut Squash and Spinach Lasagna,meal
World's Best Lasagna,meal
Homemade Lasagna,meal
Easy Lasagna,meal
Easy Lasagna Cups,meal
Seafood Lasagna,meal
Hearty Vegetable Lasagna,meal
White Cheese Chicken Lasagna,meal
Classic and Simple Meat Lasagna,meal
Zucchini Lasagna,meal
Taco Lasagna,meal
Chef John's Lasagna,meal
Deep Dish Lasagna,meal
Creamy Chicken Lasagna,meal
Simple Spinach Lasagna,meal
American Lasagna,meal
Easy Lasagna with Uncooked Noodles,meal
Grandma's Best Ever Sour Cream Lasagna,meal
Best Lasagna with Ricotta Bechamel,meal
Lasagna Alfredo,meal
World's Best (Now Vegetarian!) Lasagna,meal
Classic Lasagna,meal
Randy's Slow Cooker Ravioli Lasagna,meal
Easy Cheesy Lasagna,meal
Lasagna Stuffed Shells,meal
Mexican Lasagna,meal
Buffalo Chicken Lasagna,meal
Artichoke Spinach Lasagna,meal
Ragú No Boiling Lasagna,meal
Cabbage Lasagna,meal
Passover Matzo Lasagna,meal
Tofu Lasagna,meal
Mexican Lasagna with Noodles,meal
Delicious Spinach and Turkey Lasagna,meal
Chicken and Spinach Alfredo Lasagna,meal
Easy Vegetarian Spinach Lasagna,meal
Healthier World's Best Lasagna,meal
Grammy's Overnight Lasagna,meal
Linda's Lasagna Recipe,meal
Lasagna Roll-Ups,meal
Cheesy Vegetable Lasagna,meal
Easy Slow Cooker Lasagna,meal
Easy Roasted Vegetable Lasagna,meal
Leftover Spaghetti Lasagna,meal
Instant Pot Lasagna,meal
Easy Spinach Lasagna with White Sauce,meal
Kim's Lasagna,meal
Pasta Lasagna,meal
Zucchini Lasagna with Beef and Sausage,meal
Johnsonville® Italian Sausage Lasagna,meal
Lasagna Cupcakes,meal
Bettie's Lasagna Roll Ups,meal
Copycat Chick-fil-A Mac and Cheese,meal
Broccoli Cheddar Mac and Cheese,meal
Crawfish Mac and Cheese,meal
Skillet Cheeseburger Pasta,meal
Chili Dog Mac and Cheese,meal
Italian Mac and Cheese,meal
Asiago Cremini Pasta Bake with Radicchio,meal
Million Dollar Mac and Cheese,meal
Baked Mac ?�n' Cheese with Chicken Meatballs,meal
Savory Mac and Cheese Cake,meal
Homemade Mac and Cheese,meal
Simple Macaroni and Cheese,meal
Skillet Macaroni and Cheese,meal
Velveeta Down-Home Macaroni and Cheese,meal
Slow Cooker Mac and Cheese,meal
Mom's Favorite Baked Mac and Cheese,meal
Cheese and Hamburger Macaroni,meal
Buffalo Chicken Mac and Cheese,meal
Baked Homemade Macaroni and Cheese,meal
Easy Gluten-Free Macaroni and Cheese,meal
Cheddar Bacon Mac and Cheese,meal
Macaroni Pie,meal
One-Pan Oven Mac and Cheese,meal
Shrimp Mac and Cheese,meal
Chuck's Favorite Mac and Cheese,meal
Baked Mac and Cheese for One,meal
Smoked Gouda Mac and Cheese,meal
Southern Macaroni and Cheese Pie,meal
Tasty Baked Mac and Cheese,meal
Easy Mac and Cheese Muffins,meal
Dutch Oven Macaroni and Cheese,meal
Lobster Mac and Cheese,meal
Four-Cheese Truffled Macaroni and Cheese,meal
Tuna Mac,meal
Simple Mac and Cheese,meal
Old Fashioned Mac and Cheese,meal
Mom's Baked Macaroni and Cheese,meal
Wisconsin Five-Cheese Bake,meal
Kraft Mac and Cheese Tuna Casserole,meal
One-Pot Chili Mac and Cheese,meal
Home Style Macaroni and Cheese,meal
Restaurant Style Mac and Cheese,meal
Easy Goulash,meal
Lisa's Macaroni and Cheese,meal
Shannon's Smoky Macaroni and Cheese,meal
Air Fryer Stuffed Mini Peppers,meal
Unstuffed Pepper Skillet,meal
Stuffed Pepper Casserole,meal
Quick and Easy Stuffed Peppers,meal
Slow Cooker Stuffed Peppers,meal
Meaty Stuffed Pepper Casserole,meal
Italian-Style Stuffed Peppers,meal
Stuffed Mexican Peppers,meal
N'Awlins Stuffed Bell Peppers,meal
Cajun Style Stuffed Peppers,meal
Sausage and Rice Stuffed Peppers,meal
Peppers Stuffed with Cream Cheese and Sausage,meal
Simple and Easy Stuffed Peppers,meal
Stuffed Red Peppers,meal
Chorizo Stuffed Bell Peppers,meal
Classic Beef Stuffed Peppers,meal
Bolognese Stuffed Bell Peppers,meal
Low Carb Turkey-Stuffed Peppers,meal
Quinoa Stuffed Peppers,meal
Ali's Stuffed Green Peppers,meal
Tofu and Rice Stuffed Peppers,meal
Beef and Mushroom Stuffed Peppers,meal
Amanda's Stuffed Peppers,meal
Saucy Stuffed Peppers,meal
Black Bean Stuffed Peppers,meal
Easy Stuffed Green Peppers,meal
Impossible Stuffed Peppers,meal
Stuffed Jack-O'-Lantern Bell Peppers,meal
Stuffed Bell Peppers with Beef and Cabbage,meal
Greek Stuffed Tomatoes and Peppers (Yemista),meal
Stuffed Orange Peppers,meal
Stuffed Peppers Italian Style,meal
Turkey-Stuffed Peppers,meal
Greek-Style Stuffed Peppers,meal
Jack-o'-Lantern Stuffed Peppers,meal
Yummy Stuffed Peppers,meal
Orzo and Chicken Stuffed Peppers,meal
Cheesy Sausage-Stuffed Mini Peppers,meal
Mexican Stuffed Peppers,meal
Bison and Brown Rice Stuffed Peppers,meal
Breakfast Stuffed Bell Peppers,meal
Peppers Stuffed with Grilled Chicken and Rice,meal
Chef John's Beef Goulash,meal
Authentic Hungarian Goulash,meal
Turkey Goulash,meal
Hamburger Goulash,meal
Instant Pot Goulash,meal
Goulash Supreme,meal
Quick and Easy Goulash,meal
Collins Goulash,meal
Newfie Goulash,meal
Veggie Goulash,meal
Smoked Paprika Goulash for the Slow Cooker,meal
Instant Pot Midwest Goulash,meal
Goulash,meal
Hungarian Goulash with Ketchup,meal
Ukrainian Goulash,meal
Lunch Lady Texas Goulash,meal
Dutch Oven Ground Beef Goulash,meal
Mom's Goulash in the Microwave,meal
Instant Pot Hungarian Goulash,meal
Mom Sykes' Hungarian Goulash,meal
Classic Pub Goulash (Keto),meal
Chicken and Pumpkin Goulash,meal
Anna's Amazing Goulash,meal
Cuban Goulash,meal
Mom's Goulash,meal
Classic Spicy Southern Fried Chicken,meal
Crawfish Etouffee,meal
Old Charleston-Style Shrimp and Grits,meal
Southern-Style Neck Bones,meal
Oxtails with Gravy,meal
Ground Beef and Cabbage,meal
Down Home Chitterlings,meal
Soul Smothered Chicken,meal
Southern Grits Casserole,meal
Slow Cooker Carolina BBQ,meal
Louisiana Shrimp Creole,meal
Southern-Style Pig Tails,meal
Cajun Boudin,meal
Creole Chitterlings (Chitlins),meal
Hoppin' John,meal
Slow Roasted BBQ Beef Roast,meal
Country Cooking Slow Cooker Neck Bones,meal
Pan-Fried Whole Trout,meal
Slow Cooker BBQ Chicken Thighs,meal
Breakfast Grits,meal
Chicken Bog,meal
Heavenly Hot Dog Sauce,meal
Baked BBQ Fried Chicken,meal
Crawfish Fettuccine I,meal
Louisiana Crawfish Ya-Ya Pasta,meal
Oven-Fried Catfish,meal
Key West-Style Baked Grouper,meal
Charleston Shrimp 'n' Gravy,meal
Mom's New Years Pigs Feet,meal
Chef John's Red Beans and Rice,meal
Pressure Cooker Red Beans and Sausage,meal
Neck Bones and Lima Beans,meal
Monte Cristo Sandwich - the Real One,meal
Baked Sweet And Sour Chicken,meal
Copycat Panda Express Orange Chicken,meal
Ginger Chicken,meal
Black Pepper Chicken,meal
Sesame Chicken with Broccoli,meal
Copycat Panda Express Chow Mein,meal
Orange Chicken,meal
Shrimp with Broccoli in Garlic Sauce,meal
Grilled Asian Chicken,meal
Shrimp Egg Foo Young,meal
Chicken Chop Suey,meal
General Tao Chicken,meal
"Velveting Chicken Breast, Chinese Restaurant Style",meal
Bang Bang Chicken,meal
Moo Goo Gai Pan,meal
Szechuan Beef,meal
"Super-Simple, Super-Spicy Mongolian Beef",meal
Broccoli and Carrot Stir Fry,meal
Green Onion Cakes,meal
Chinese Barbeque Pork (Char Siu),meal
Sweet and Sour Pork Tenderloin,meal
Easy Fried Chinese Chicken Balls,meal
Beef with Vegetables,meal
Slow Cooker Mongolian Beef,meal
Black Pepper Beef and Cabbage Stir Fry,meal
Steamed Fish with Ginger,meal
Stir-Fry Pork with Ginger,meal
Pork Chop Suey,meal
Ten Minute Szechuan Chicken,meal
Egg Foo Young,meal
Grilled Hoisin Beef,meal
Pork and Bamboo Shoots,meal
Cantonese Chicken Chow Mein,meal
Chicken and Snow Peas,meal
Chicken and Chinese Vegetable Stir-Fry,meal
Spicy Crispy Beef,meal
Hong Kong Sweet and Sour Pork,meal
Beef Lo Mein,meal
Flavorful Beef Stir-Fry,meal
Air Fryer Crab Rangoon,meal
Pork Wonton Soup,meal
Chicken Tinola,meal
Famous Chicken Adobo,meal
Lumpia in the Air Fryer,meal
Adobong Pusit (Squid Adobo),meal
Ginataang Manok (Chicken Cooked in Coconut Milk),meal
Filipino Beef Giniling (Afritada Style),meal
Filipino Lumpia,meal
"Filipino Steamed Rice, Cebu Style",meal
Instant Pot Filipino Chicken Adobo,meal
Pochero,meal
Filipino Fish Escabeche,meal
Bistek (Filipino Beef Steak),meal
Philippine Longanisa de Eugenio (Sweet Sausage),meal
Authentic Filipino Pancit,meal
Filipino Corned Beef and Cabbage,meal
Lolah's Chicken Adobo,meal
Grilled Chicken Adobo,meal
Pork and Chicken Adobo,meal
Filipino Pork Adobo,meal
Beef Asado,meal
Chicken Salpicao,meal
Filipino Rice (Arroz Valenciana),meal
Grandma Nena's Lumpia and Pancit,meal
Filipino Spaghetti,meal
Embutido (Filipino Meatloaf),meal
Filipino Pancit Bihon with Canton,meal
Ginataang Alimasag (Crabs in Coconut Milk),meal
Barbecued Pork Kebabs,meal
Crab Omelet,meal
Bringhe,meal
Adobo Chicken with Ginger,meal
Authentic Chicken Adobo,meal
Pork and Shrimp Pancit,meal
Clams in Oyster Sauce,meal
Air Fryer Lumpia,meal
Pancit Sotanghon,meal
Pancit Molo (Filipino Wonton Soup),meal
Slow Cooker Filipino Chicken Adobo,meal
Salmon Sarciado,meal
Sati Babi,meal
Baked Siopao (Filipino Meat Bun),meal
Duck Adobo,meal
Slow Cooker Adobo Chicken with Bok Choy,meal
Leyley's Spicy Chicken Adobo Wings,meal
Pancit,meal
Pinoy Chicken Adobo,meal
Bopis Recipe,meal
Chicken Adobo with Coconut Milk (Adobo sa Gata),meal
Slow Cooker Chicken Afritada,meal
Lazy Longanisa (Filipino-Style Breakfast Sausage),meal
Chicken with Chicharo (Snow Peas),meal
Filipino Fried Chicken,meal
Guinataan Chicken Adobo,meal
Lamb (Gosht) Biryani,meal
Chicken Saag,meal
Indian-Style Seekh Kebab,meal
Paneer Tikka Masala,meal
Gujarati Kadhi,meal
Easy Palak Paneer,meal
Indian Dahl with Spinach,meal
Easy Indian-Style Pumpkin Curry,meal
Indian Tomato Chicken,meal
Palak Paneer (Spinach Curry),meal
Kedgeree,meal
Traditional Chicken Curry,meal
Chicken Cauliflower Korma,meal
Instant Pot Indian Chicken Curry,meal
Quorn and Chickpea Curry,meal
Authentic and Easy Shrimp Curry,meal
Indian Barbeque Chicken,meal
Butter Lamb Gravy,meal
Biryani with Yogurt Marinated Chicken,meal
Indian Chicken Tikka Masala,meal
Aloo Gobi Masala (Cauliflower and Potato Curry),meal
Vegetable Biryani,meal
Kashmiri Lamb,meal
Cod Curry,meal
Homemade Sushi Rolls,meal
Chicken Katsu,meal
Sesame-Seared Tuna,meal
Air Fryer Chicken Katsu with Homemade Katsu Sauce,meal
Miso and Soy Chilean Sea Bass,meal
Oyakodon (Japanese Chicken and Egg Rice Bowl),meal
California Roll,meal
Cucumber and Avocado Sushi,meal
Japanese Ginger Pork,meal
Spicy Tuna Rolls,meal
Japanese Beef Stir-Fry,meal
Karaage (Japanese Fried Chicken),meal
Japanese Pan Noodles,meal
Yakisoba Chicken,meal
Teriyaki Rib Eye Steaks,meal
Instant Pot Tonkotsu Ramen Broth,meal
Pork Gyoza,meal
Okinawa Shoyu Pork,meal
Tonkatsu (Japanese Pork Chop),meal
Instant Pot Japanese Curry,meal
Japanese-Style Deep Fried Chicken,meal
Japanese Curry,meal
Authentic Yakisoba,meal
Japanese Egg Salad Sandwich,meal
Spicy Yellowtail Sushi Roll,meal
Buffalo Chicken Sushi Roll,meal
Tonkatsu,meal
Steamed Egg (Chawan Mushi),meal
Okonomiyaki (Japanese Pancake),meal
Miso Braised Pork,meal
My Fly Stir-Fry,meal
Japanese Sweet Omelet,meal
Japanese Shrimp Fried Rice with Yum Yum Sauce,meal
Steamed Clams in Butter and Sake,meal
Grilled Chicken Teriyaki Skewers with Miso Ranch,meal
Beef Teppanyaki,meal
Easy Chicken Yakitori,meal
Easy Ramen with Chicken and Teriyaki Sauce,meal
Japanese Curry Chicken,meal
Mom's Sushi Rice,meal
Tamagoyaki Bento Box,meal
Gyoza (Japanese Potstickers),meal
Miso Salmon,meal
Sukiyaki,meal
Chicken Karaage (Japanese Fried Chicken),meal
Japanese Broiled Mackerel,meal
Instant Pot Sushi Rice,meal
Carrie's Pad Thai Salad,meal
The Cheesecake Factory Thai Chicken Lettuce Wraps,meal
Thai Pasta Salad,meal
Thai-Inspired Potato Salad,meal
Pad Thai,meal
Authentic Pad Thai,meal
Thai Spicy Basil Chicken Fried Rice,meal
Thai Chicken,meal
Crab Fried Rice,meal
Nong's Khao Man Gai,meal
Thai Red Chicken Curry,meal
Authentic Pad Thai Noodles,meal
Instant Pot Red Thai Curry Chicken,meal
Thai Monkfish Curry,meal
Chef John's Drunken Noodles,meal
Instant Pot Thai-Style Green Curry Chicken,meal
Classic Chicken Pad Thai,meal
Thai Fried Rice with Pineapple and Chicken,meal
Thai-Style Ground Pork Skewers,meal
Thai Noodles,meal
Slow Cooker Thai Peanut Pork,meal
Thai Pork with Peanut Sauce,meal
Thai Beef Curry,meal
Curry Pineapple Fried Rice,meal
Thai Chicken with Basil Stir Fry,meal
Thai Ground Chicken Basil,meal
Thai Basil Chicken with Coconut Curry Sauce,meal
Chicken Satay with Peanut Sauce,meal
Thai Chicken Stock,meal
Pad Kee Mao,meal
Amazing Simple Thai Tofu,meal
Slow Cooker Thai Green Chicken Curry,meal
Chicken Pad Thai with Peanut Sauce,meal
Grilled Mahi Mahi in Thai Coconut Sauce,meal
Chicken Stir-Fry with Thai Peanut Sauce,meal
A Pad Thai Worth Making,meal
Dad's Pad Thai,meal
Sukhothai Pad Thai,meal
Pad Krapao (Thai Stir-Fry Pork with Basil),meal
Thai Fried Rice,meal
Khanom Jeeb (Pork and Shrimp Dumplings),meal
Thai Shrimp Fried Rice (Kao Pad Goong),meal
Satay Chicken Pizza,meal
Slow Cooker Thai Pork with Peppers,meal
Thai Beef Fried Rice,meal
Spicy Thai Peanut Noodles,meal
Thai Chicken Satay,meal
Sole Meuniere,meal
Duck ? l'Orange,meal
Trout Meunière,meal
Beans and Greens Tartine,meal
Omelet in a Bag,meal
Chef John's Coq au Vin,meal
"Chicken French (Rochester, NY Style)",meal
Salmon en Croûte,meal
Tuscan Pork Tenderloin,meal
Cinnamon-Accented French Toast,meal
Shirred Eggs,meal
How to Make Cassoulet,meal
Slow Cooker Chicken Cordon Bleu,meal
Carly's Salmon En Papillote (In Paper),meal
Poached Salmon with Hollandaise Sauce,meal
Seafood Sausage,meal
Easy Croque Monsieur,meal
Easy Cheese Souffles,meal
Baked Chicken and Brie,meal
Easy and Delicious Slow Cooker Cassoulet,meal
Simple and Easy Coq au Vin,meal
Chef John's Salmon in Parchment,meal
Filet Mignons with Pepper Cream Sauce,meal
Filet Mignon with Mushroom-Cabernet Gravy,meal
Simple Croque Madame,meal
Mom's Chicken en Cocotte,meal
Parisian-Style Steak Frites,meal
Seafood Omelets with Creamy Cheese Sauce,meal
Salmon Salad Niçoise,meal
Baked Apple French Toast Casserole,meal
Boeuf en Croûte (Beef in Puff Pastry),meal
Poulet de Provençal,meal
Vanilla Almond Spiced French Toast,meal
Chicken Cordon Bleu Casserole,meal
Patti's Mussels ? la Marinière,meal
Chicken Divan Casserole,meal
Coq Au Vin with Rosemary and Thyme,meal
New Quiche Lorraine,meal
Chicken Florentine,meal
Chef John's Quick Cassoulet,meal
Secret Recipe Chicken Fricassee,meal
Madame Cristo - Grilled Ham and Cheese,meal
"Bo Luc Lac ""French-Vietnamese Shaking Beef""",meal
Roasted Cod Nicoise,meal
Creamy Coq au Vin Blanc,meal
Croque Madame on Brioche,meal
Shichimi-Seared Pork Tenderloin,meal
Almond Pork,meal
Fresh Fruit Breakfast Lasagna,meal
Easy Beef Bourguignon,meal
John's Flammekueche,meal
Greek-Style Grilled Lamb Chops,meal
Greek Feta and Spinach Potato Casserole,meal
Branzino Mediterranean,meal
Greek-Style Garlic Chicken Breasts,meal
Greek-Style Beef Stew (Stifado),meal
Lamb Souvlaki,meal
Authentic Greek Moussaka,meal
Greek Souzoukaklia,meal
Greek Chicken Pasta,meal
Grilled Greek Chicken,meal
Mediterranean Stuffed Swordfish,meal
My Big Fat Greek Omelet,meal
Greek Omelet with Asparagus and Feta Cheese,meal
Margaret's Keftedes (Greek Meatballs),meal
Roasted Greek Chicken,meal
Feta Cheese Turkey Burgers,meal
Lamb Feta Peppers,meal
"Greek Pizza with Spinach, Feta and Olives",meal
Glasser's Greek Marlin,meal
Loaded Greek Burgers,meal
Greek Scrambled Eggs,meal
Marinated Greek Chicken Kabobs,meal
Greek Shrimp Dish From Santorini,meal
Beef Pastitsio,meal
Greek Chicken Burgers with Feta,meal
Greek Island Chicken Shish Kebabs,meal
Pork Souvlaki,meal
Easy Sheet Pan Greek Chicken,meal
Spanakopita,meal
Spinach and Feta Pita Bake,meal
Tiropita,meal
Greek Lamb Feta Burgers With Cucumber Sauce,meal
Tyropita (Greek Cheese Pie),meal
Kagianas (Greek Eggs and Tomato),meal
Fasolakia (Greek Green Beans),meal
Greek Stuffed Chicken Breasts,meal
Greek Chicken Skewers,meal
Greek Pork Tenderloin,meal
Pappardelle with Jammy Onion Ragu,meal
Tuscan Chicken Casserole,meal
Lemon Garlic Butter Chicken Spiedini,meal
Short Ribs Pizzaiola,meal
Air Fryer Chicken Parmesan,meal
Chef John's Chicken Saltimbocca,meal
Copycat Chicken Fritta,meal
Chicken Limone,meal
Chicken Marsala Fettuccine,meal
Pasta e Ceci (Italian Chickpea and Pasta Stew),meal
Five Cheese Ziti al Forno,meal
Chicken Fra Diavolo,meal
Homemade Pappardelle,meal
Baked Italian Sub,meal
Creamy Tuscan Chicken Pasta,meal
TikTok Baked Spaghetti,meal
Chicken Parmesan,meal
Shrimp Scampi with Pasta,meal
Chicken Marsala,meal
Campfire Carnitas,meal
Easy No Cook Tuna and Avocado Tostadas,meal
Churrasco Chicken,meal
Mexican Picadillo,meal
Breakfast Enchilada Casserole,meal
Air Fried Tossed Taquitos,meal
Roscoe's Chilaquiles,meal
Taquito Casserole,meal
Chicken Fajita Skillet Casserole,meal
Chicken Chalupas,meal
Chilaquiles Breakfast Casserole,meal
Beef Enchilada Bake,meal
Black Bean Casserole,meal
Air Fryer Chicken Quesadillas,meal
Air Fryer Quesadillas,meal
Blackened Shrimp Tacos,meal
Chilaquiles with Homemade Tomato Sauce,meal
Chicken Fajita Tacos,meal
Slow Cooker Pozole,meal
Rotel Tacos,meal
Enchilada Sauce with Chocolate,meal
Dorito Casserole,meal
Sweet Potato and Black Bean Taco Cups,meal
Easy Chicken Street Tacos,meal
Steak Burrito,meal
Chipotle-Citrus Marinated Chicken Tacos,meal
Grilled Chicken Street Tacos,meal
Chicken Chilaquiles Verdes,meal
Kahlúa-Marinated Grilled Flank Steak,meal
Veracruz-Style Whitefish,meal
Chicken Fajita Burrito,meal
Chicken Adovada,meal
Best Taco Casserole,meal
Chilaquiles,meal
Shrimp Quesadillas,meal
Sous Vide Egg Bites,meal
Easy Slow Cooker Creamy Chicken Chili,meal
Make-Ahead Freezer Chicken Parmesan,meal
Egg White Breakfast Casserole,meal
Instant Pot Smothered Pork Chops,meal
Instant Pot Crispy Chicken Carnitas,meal
Chicken Zoodle Soup in a Jar,meal
Minestrone Soup in a Jar,meal
Mason Jar Instant Noodles,meal
Make-Ahead Breakfast Bars,meal
Greek Chicken Couscous Bowl,meal
Instant Pot Whole Chicken,meal
Instant Pot Taco Bowls,meal
Backpacking Oatmeal,meal
Easy Shredded Chicken,meal
Make-Ahead Instant Pot® Cauliflower Rice,meal
Spicy Honey-Peanut Baked Chicken Thighs,meal
Oven-Baked Chicken and Vegetables in Foil,meal
Sheet Pan Blueberry Pancakes,meal
Make-Ahead Sausage and Veggie Bowls,meal
Slow Cooker Chicken Carnitas,meal
Make-Ahead Spinach Salad in a Jar,meal
Roasted and Ready Vegetable Sauce,meal
Make-Ahead Meatloaf Muffins,meal
Cold Soba Noodle Salad,meal
Freezer Breakfast Sandwiches,meal
Spicy Gingerbread Overnight Oats,meal
Oat Milk,meal
Breakfast Croissants Stuffed with Ham and Gruyere,meal
Veggie Egg Muffins with Spinach and Mushrooms,meal
Instant Pot® Make-Ahead Breakfast Burritos,meal
Make-Ahead Rhubarb Yogurt Parfaits,meal
Spicy Tuna and Hummus Salad,meal
Make-Ahead Burritos,meal
BLT Egg Salad,meal
Ham and Cheddar Sous Vide Egg Bites,meal
Originals Oven Roasted Chicken Salad Mason Jar,meal
Leftover Turkey Pull-Apart Bread,bread
Quick and Easy Monkey Bread,bread
Monkey Bread with Butterscotch Pudding,bread
Garlic Parmesan Monkey Bread,bread
Grands!® Monkey Bread,bread
Easy Monkey Bread Muffins,bread
Monkey Bread Made Easy,bread
Five-Ingredient Monkey Bread,bread
Maple Bacon Monkey Bread,bread
Hot Chocolate Monkey Bread,bread
Big Ray's Mexican Monkey Bread,bread
Monkey Bread with a Twist,bread
Monkey Bread Muffins,bread
Microwave Breakfast Ring,bread
Bananas Foster Monkey Bread,bread
Healthier Monkey Bread I,bread
Amazing Monkey Bread,bread
Orange Monkey Bread,bread
Apple-Walnut Cinnamon Roll Monkey Bread,bread
Monkey Bread Foil Packets,bread
Savory Monkey Bread,bread
Thanksgiving Leftovers Monkey Bread,bread
Butterscotch Monkey Bread,bread
Caramel Apple Monkey Bread,bread
Caramel Pull Aparts,bread
Pineapple Upside Down Monkey Bread,bread
Monkey Bread Kabobs,bread
Cinnamon-Sugar Monkey Bread,bread
Chai Spice Monkey Bread,bread
Cliffany's Monkey Bread,bread
Double Chocolate Banana Monkey Bread,bread
Peach Monkey Bread,bread
Easy Maple Bacon Monkey Bread,bread
Blueberry Baked Oats,meal
Overnight Baked Oatmeal,meal
Carrot Cake Baked Oatmeal,meal
Strawberries and Cream Oatmeal,meal
Mexican Oatmeal,meal
Strawberry Peanut Butter Baked Oatmeal,meal
Instant Pot Steel Cut Oats,meal
Peanut Butter Oatmeal,meal
Baked Oatmeal,meal
Chia Seed Overnight Oats,meal
Reese's Cup Overnight Oats,meal
Caramel Apple Overnight Oats,meal
Strawberry Banana Chocolate Chip Baked Oatmeal,meal
Easy Overnight Oats,meal
Maple and Brown Sugar Oatmeal,meal
Instant Pot Steel-Cut Oats,meal
Overnight Chia Oats,meal
Overnight Refrigerator Oatmeal,meal
High-Protein Oatmeal for Athletes,meal
Sweet Coconut Oatmeal,meal
Berry Overnight Oats,meal
Greek Yogurt Oatmeal,meal
Slow Cooker Oatmeal,meal
Josh's Baked Oatmeal,meal
Microwave Banana Baked Oats,meal
Instant Pot Apple Pie Steel-Cut Oats,meal
Apple Cinnamon Oatmeal,meal
Blended Baked Oats,meal
Bircher Muesli,meal
Butterscotch Oatmeal,meal
Steel-Cut Oatmeal,meal
Simple Savory Oatmeal,meal
Pumpkin Oatmeal,meal
Overnight Slow Cooker Oatmeal,meal
Sweet Banana Almond Oatmeal,meal
Almond Milk Overnight Chia Oats,meal
Chocolate Coconut Overnight Oats,meal
Egg-Free and Milk-Free Baked Oatmeal,meal
Amish Baked Oatmeal,meal
Instant Pot Oatmeal,meal
Crispy Baked Oatmeal,meal
Overnight Oats with Jam,meal
Overnight Oats Blueberry Smoothie Bowl,meal
Blueberry Oatmeal,meal
Slow Cooker Steel-Cut Oats,meal
Classic Overnight Oats,meal
Baked Cranberry Oatmeal,meal
Applesauce Baked Oatmeal,meal
Carrot Cake Oatmeal,meal
Mango Overnight Oats,meal
Steel-Cut Oats and Quinoa Breakfast,meal
Overnight Chai Oatmeal,meal
Overnight Pineapple-Banana Oatmeal,meal
Overnight Buckwheat Oats,meal
"Easy, Healthy No-Cook Overnight Oats",meal
Overnight Light PB&J Oats,meal
Overnight Coconut Pecan Steel Cut Oats,meal
Quaker® Banana Bread Overnight Oats,meal
Make-Ahead Steel-Cut Oats,meal
Overnight Oats with Strawberries and Greek Yogurt,meal
Vegan Overnight Oats with Chia Seeds and Fruit,meal
Pumpkin Pie Overnight Oats,meal
Peanut Butter and Jelly Overnight Oats,meal
Joyful Chocolate Overnight Oats,meal
Overnight Caramel Gingerbread Oats,meal
Slow Cooker Pumpkin Oatmeal,meal
Coconut Overnight Oats with Protein Powder,meal
Spiced Chai Overnight Oats,meal
Peanut Butter Chocolate Overnight Oats,meal
Vegan Pumpkin Overnight Oats in the Slow Cooker,meal
Coconut Overnight Oats,meal
Almond-Oatmeal Cookies with Black Raspberries,meal
Granola Oatmeal Cookies,meal
Soft Oatmeal Cookies,meal
Oatmeal Raisin Cookies,meal
Pumpkin Oatmeal Chocolate Chip Cookies,meal
Lactation Cookies,meal
No-Bake Chocolate Coconut Cookies,meal
Chocolate Oatmeal Cookies,meal
Oatmeal Butterscotch Cookies,meal
Oatmeal Peanut Butter Cookies,meal
Oatmeal Craisin Cookies,meal
Oatmeal Chocolate Coconut Chewy,meal
Excellent Oatmeal Cookies,meal
No-Sugar-Added Oatmeal Cookies,meal
Thin and Crispy Oatmeal Raisin Cookies,meal
Cowboy Cookies,meal
Grandma's Lace Cookies,meal
White Chocolate Chip Oatmeal Cookies,meal
Oatmeal Carmelitas,meal
Beth's Spicy Oatmeal Raisin Cookies,meal
WWII Oatmeal Molasses Cookies,meal
Vanishing Oatmeal Raisin Cookies,meal
The Best Oatmeal Cookies,meal
Applesauce Oatmeal Cookies,meal
Crisp Oatmeal Cookies,meal
Oatmeal Scotchies in a Pan,meal
Cranberry Orange Oatmeal Cookies,meal
West Coast Trail Cookies,meal
White Chocolate Cranberry Oatmeal Cookies,meal
Chewy Crispy Coconut Cookies,meal
Whole Grain Breakfast Cookies Recipe,meal
Oatmeal Dried Fruit Cookies,meal
Honey Oatmeal Cookies,meal
Sunflower Oatmeal Cookies,meal
Kristen's Awesome Oatmeal Cookies,meal
Cranberry Hootycreeks,meal
Cranberry Oatmeal Cookies,meal
Jumbo Breakfast Cookies,meal
Mom's Ranger Cookies,meal
Dad's Cookies,meal
Blueberry Oatmeal Cookies,meal
Oatmeal Buttermilk Cookies,meal
Oatmeal Peanut Butter Bars,meal
Cracker Jack Cookies,meal
Momma's Wheat Germ Cookies,meal
Cowboy Oatmeal Cookies,meal
Oatmeal Peanut Butter and Chocolate Chip Cookies,meal
Raspberry Oatmeal Bars,meal
Lacy Oatmeal Cookies,meal
Oatmeal Scotchies Cookies,meal
Crispy and Chewy Oatmeal Raisin Cookies,meal
Coconut Gumdrop Cookies,meal
Autumn Harvest Cookies,meal
No Bake Oatmeal Cookies,meal
Oatmeal Banana Raisin Coconut Cookies,meal
Grandmother's Oatmeal Cookies,meal
Egg-Free Low-Fat Oatmeal Cookies,meal
Cocoa Oatmeal Cookies,meal
Low Sugar Oatmeal Raisin Cookie,meal
Unbaked Chocolate Oatmeal Cookies,meal
Bobbie's Oatmeal Cookies,meal
Peanut Butter Banana Oatmeal Raisin,meal
Vegan Oatmeal Raisin Cookies,meal
Grandma's Oatmeal Raisin Cookies,meal
Soft Oatmeal Raisin Cookies,meal
Oatmeal Raisin Toffee Cookies,meal
Wilderness Place Lodge Cookies,meal
Cape Cod Oatmeal Cookies,meal
Mom's Raisin Oatmeal Cookies,meal
Avocado-Oatmeal Cookies,meal
Raisin Oatmeal Cookies,meal
Coconut Ginger Oatmeal Raisin Cookies,meal
Gluten-Free Raisin Oatmeal Cookies,meal
Spelt Oatmeal Raisin Cookies,meal
Healthy-ish Irish Oatmeal Cookies,meal
Oatmeal Cookies,meal
Instant Oatmeal Breakfast Cookies,meal
Oatmeal Spice Cookies,meal
Sarah's Raisin Cookies,meal
Oatmeal Carrot Raisin Cookies,meal
Oatmeal Cinnamon Drops,meal
Healthier Beth's Spicy Oatmeal Raisin Cookies,meal
Oatmeal Raisin Cookies X,meal
Easy Oatmeal Cookies,meal
High Protein Scrambled Pancakes,cake
Easy Bacon Pancake Sticks,cake
Bacon Pancakes,cake
Easy Sausage Pancakes,cake
Lemon Poppy Seed Pancakes,cake
Chocolate Chip Pancakes,cake
Carrot Cake Pancakes,cake
My-Hop Pancakes,cake
Chef John's Blueberry Dutch Baby,cake
Homemade Pancakes,cake
Pumpkin Pancakes,cake
Fluffy Flapjack Pancakes,cake
Grandma's Gingerbread Pancakes,cake
Mom's Buttermilk Pancakes,cake
Pumpkin Spice Latte Pancakes,cake
Cheesecake Pancakes,cake
Apple Ring Pancakes,cake
Perfect Pancakes,cake
Tres Leches Pancakes,cake
Kaiserschmarren ??Austrian Torn Pancakes,cake
Baked Skillet Pancake,cake
Kaiserschmarrn,cake
Apple Fritter Pancakes,cake
Sheet Pan Buttermilk Pancakes,cake
Easy Pancakes,cake
Banana Pancakes,cake
Good Old-Fashioned Pancakes,cake
Fluffy Pancakes,cake
Buttermilk Pancakes,cake
Authentic Swedish Pancakes,cake
Quick Almond Flour Pancakes,cake
Todd's Famous Blueberry Pancakes,cake
German Pancakes,cake
Old-Fashioned Pancakes,cake
Vegan Pancakes,cake
German Apple Pancake,cake
Buckwheat Pancakes,cake
Apple Pancakes,cake
Lemon Ricotta Pancakes,cake
Baked Pancakes,cake
Cinnamon Roll Pancakes,cake
Fluffy Gluten-Free Pancakes,cake
Dutch Babies,cake
Spelt Pancakes,cake
Mini Chocolate Chip Pancakes,cake
Oatmeal Pancakes,cake
Easy Banana Nut Pancakes,cake
Strawberry Vanilla Pancakes,cake
Flourless Banana Pancakes,cake
Cottage Cheese Pancakes,cake
Chocolate Pancakes,cake
Peanut Butter Banana Pancakes,cake
Fluffy and Delicious Pancakes,cake
Pannekaken (Norwegian Pancakes),cake
Simply Pumpkin Pancakes,cake
Cornbread Pancakes,cake
Matcha Pancakes,cake
Easy Buttermilk Baking Sheet Pancakes,cake
Oven Pancakes,cake
Barbarella's German Pancakes,cake
Finnish Kropser (Baked Pancakes),cake
Vanilla Dutch Baby,cake
Baked Pancake with Peaches,cake
Apple Puff Pancake,cake
Soufflé Pancake,cake
Sheet Pan Pancakes,cake
Apple Pancake,cake
German Baby,cake
Seattle Dutch Babies,cake
German Pancake with Buttermilk Sauce,cake
German Puff Pancakes,cake
Kropsua (Finnish Pancake),cake
Skillet Strawberry Pancake,cake
German Pear Pancake,cake
Big Germans,cake
"Herb, Sausage, and Cheese Dutch Baby",cake
Dutch Apple Baby,cake
Baked Pancakes with Sausages,cake
Baked Pancake Squares,cake
Danish Oven Pancake (Aeggekage),cake
Dutch Baby with Banana-Berry Compote,cake
Pannukakku (Finnish Oven Pancake),cake
Fruity Pancakes,cake
"Crispy, Spicy Cauliflower Pancakes",cake
Baked Apple-Pecan Maple Pancakes,cake
Blueberry Dutch Baby,cake
Finnish Oven Pancakes,cake
Peachy Baked Pancake,cake
Oven Pancake with Apples,cake
Berry Puff Pancake,cake
Blueberry Skillet Pancakes,cake
Shannon's Oven Pancake,cake
Baked Boursin and Apple Pancakes,cake
Dairy-Free Spelt German Pancake,cake
Puffed Blueberry Pancakes,cake
Earl Grey Dutch Baby,cake
Uncle Dave's Souffle Pancake,cake
Sallie's Dutch Babies,cake
Kaiserschmarrn (Austrian Scrambled Pancake),cake
Grain-Free Pumpkin Pancakes,cake
Chunky Monkey Pancakes,cake
Banana Bread Pancakes,cake
Banana Pancakes the Easy Way,cake
"No Milk, No Wheat, Banana Pancakes",cake
Coconut Banana Pancakes,cake
Oatmeal-Banana Pancakes,cake
Easy Flourless Banana Flax Pancakes,cake
"Whole Wheat, Oatmeal, and Banana Pancakes",cake
Cottage Cheese Banana Pancakes,cake
Pancakes (Paleo),cake
Sourdough and Banana Pancakes,cake
Three-Ingredient Banana Pancakes,cake
Easy Vegan Banana Pancakes,cake
Elvis Pancakes,cake
Sweet Potato Banana Pancakes,cake
Banana Frittata,cake
Two-Ingredient Banana Pancakes,cake
Pumpkin Banana Pancakes,cake
Hawaiian Pineapple Pancakes,cake
Banana Chocolate Chip Pancakes,cake
Buttermilk Banana Pancakes,cake
Banana Brown Sugar Pancakes,cake
Banana Berry Pancakes,cake
Strawberry-Banana Fritters,cake
Easy Banana Pancakes,cake
Whole Grain Banana Pancakes,cake
Banana Split Pancakes,cake
Banana and Peanut Butter Pancakes,cake
Banana Almond Pancakes,cake
Banana Poppy Seed Pancakes,cake
Whole Wheat Banana Pancakes,cake
Zucchini Cocoa Pancakes,cake
Banana Chocolate Chip Oatmeal Protein Pancakes,cake
Blueberry Oatmeal Pancakes,cake
Buttermilk Oatmeal Pancakes,cake
Blue Cornmeal Pancakes,cake
Whole Grain Pancakes,cake
Grain and Nut Whole Wheat Pancakes,cake
Quick Oatmeal Pancakes,cake
Old-Fashioned Sour Buckwheat Pancakes,cake
Multigrain Pancakes,cake
Scottish Oatcakes,cake
Delicious Gluten-Free Pancakes,cake
Quick and Yummy Blender Pancakes,cake
Almond Flour Paleo Pancakes,cake
Best Buckwheat Pancakes,cake
Oatmeal and Wheat Flour Blueberry Pancakes,cake
Pulled Pork Pancakes,cake
Barley Oat Pancakes,cake
Overnight Sourdough Buckwheat Pancakes,cake
Low-Cholesterol Whole Wheat Pancakes,cake
Vanilla Cinnamon Protein Pancakes,cake
Hearty Oatmeal Pancakes,cake
Oatmeal Scotchie Pancakes,cake
Savory Filled Cottage Cheese Pancakes,cake
Swedish Pancakes (Vegan),cake
Wild Rice Pancakes,cake
Oatmeal Cinnamon Pancakes,cake
Pumpkin Cornmeal Pancakes,cake
Cream of Wheat® Pancakes,cake
Amaranth Pancakes,cake
Honey Whole Wheat Pancakes,cake
Tasty Protein Pancakes,cake
Quinoa Buckwheat Pancakes,cake
Oatmeal Raisin Cookie Pancakes,cake
Gluten-Free Buttermilk Pancakes,cake
Whole Wheat Cinnamon Pancakes,cake
Gluten-Free Buckwheat Pancakes,cake
Orange Pancakes,cake
Easy Vegan Whole Grain Pancakes,cake
Garbanzo-Oat Pancakes,cake
Oatmeal Rhubarb Pancakes,cake
Gluten Free Protein Pancakes,cake
Dad's Double Whole Grain Pancakes,cake
Raised Griddle Cakes,cake
Coconut Buckwheat Pancakes,cake
Overnight Oatmeal Pancakes,cake
Peanut Butter and Jelly Oatmeal Pancakes,cake
Oatmeal Pancakes I,cake
Pumpkin Quinoa Pancakes,cake
Vegan Overnight Pancakes,cake
Oatmeal Pancakes with Apple Maple Sauce,cake
Fluffy Japanese Pancakes,cake
Truck-Stop Buttermilk Pancakes,cake
Red Velvet Pancakes with Cream Cheese Glaze,cake
Super Fluffy Gluten-Free Japanese Souffle Pancakes,cake
Sourdough Buttermilk Pancakes,cake
Buttermilk Pumpkin Pancakes,cake
Old-Fashioned Buttermilk Pancakes,cake
Hearty Country Hot Cakes,cake
Delicious Buttermilk Pancakes,cake
Cornbread Pancakes with Fresh Strawberry Syrup,cake
Wheat Germ Whole-Wheat Buttermilk Pancakes,cake
Heart-Shaped Pancakes with Chocolate,cake
Snickerdoodle Pancakes,cake
Fluffy Maple Buttermilk Pancakes,cake
Einkorn Pancakes,cake
Buttermilk Pancakes for a Crowd,cake
Monster Cookie Pancakes,cake
Laura's Famous Aebleskiver,cake
Whole Wheat Pancakes,cake
Leftover Champagne Pancakes,cake
Whole Wheat Pancakes from Scratch,cake
Grandma's Buttermilk Pancakes,cake
Savory Pancakes with Spring Onion and Chicken,cake
Decadent Chocolate Pancakes,cake
Sage Cakes,cake
Mini Sausage Pancake Skewers with Spicy Syrup,cake
Caramelized Apple Pancakes,cake
Helen's Priceless Pumpkin Pancakes,cake
Red Velvet Pancakes,cake
Pineapple Orange Pancakes,cake
Copycat Milk 'n Cookies Pancakes,cake
Brookie Pancakes,cake
Island Pineapple Pancakes,cake
Nutella Pancakes,cake
Whole Wheat Buttermilk Pancakes,cake
Easy Blini (Russian Pancake),cake
Dessert Crepes,cake
Creamy Strawberry Crepes,cake
Easy Savory Crêpes,cake
Bánh Xèo (Vietnamese Crêpes),cake
Crêpes,cake
Real French Crêpes,cake
Vanilla Crepes,cake
Eggless Crêpes,cake
Ham and Cheese Crêpes,cake
Banana Crepes,cake
Fluffy Swedish Pancakes,cake
Jian Bing (Chinese Crêpes),cake
Healthier Basic Crepes,cake
Chocolate Crepes,cake
Shrimp and Scallop Crepes,cake
Chicken and Mushroom Crêpes,cake
Regular Crêpes,cake
Vegan Crêpes,cake
Egg-White Crepes,cake
Breakfast Crepes,cake
Melt in Your Mouth Crepes,cake
Palacinky,cake
Cottage Cheese Blintzes,cake
Grandma Irena's Palacsinta (Hungarian Crêpes),cake
Yummy Apple Cinnamon Crepes,cake
Sourdough Crêpes,cake
Shrimp Crêpes,cake
Savory French Crêpes,cake
Crab Crêpes,cake
Blender Crepes,cake
Perfect Gluten-Free Crêpes,cake
Dosas (Indian-style Pancakes),cake
Claire's Yummy Crepes,cake
Mango Crepes ? la Mode,cake
Traditional Cheese Blintzes,cake
Strawberry Blintzes,cake
"Crepes with Spinach, Bacon and Mushroom Filling",cake
Chocolate Banana Crepes,cake
Swedish Cream Cheese Crepes,cake
Chestnut Flour Crepes (Gluten- and Wheat-Free),cake
Serbian Palacinke,cake
Czech Crepes,cake
Indian Crepes,cake
Low-Carb Savory Breakfast Crepes,cake
Gluten-Free Crepes,cake
Low-Carb Cassava Crepes,cake
Cajun Shrimp Crepes,cake
Blini - Russian Pancakes,cake
Polish Nalesniki,cake
Savory Western Crepes,cake
Blinis,cake
Strawberry Crepes,cake
Love Letter - Crepes,cake
Wholesome Buckwheat Crepes,cake
Blueberry Crepes,cake
Chocolate Hazelnut Fruit Crepes,cake
Pumpkin Crepes with Fontina Cheese Sauce,cake
Gluten-Free Buckwheat Crepes,cake
Lavender Simple Syrup,cake
Grandma's Buttermilk Syrup,cake
Simple Strawberry Syrup,cake
Rosemary Simple Syrup,cake
Blueberry Simple Syrup,cake
Homemade Maple Syrup,cake
Raspberry Syrup for Drinks,cake
Elderberry Syrup,cake
Basil Simple Syrup,cake
Coconut Pancake Syrup,cake
Blueberry and Raspberry Pancake Topping,cake
Cinnamon Dolce Latte Syrup,cake
Peanut Butter Breakfast Syrup,cake
Blackberry Syrup,cake
Cinnamon Syrup,cake
Billy's Favorite Gingerbread Spiced Coffee Syrup,cake
Peppermint Coffee Syrup,cake
Hibiscus Syrup,cake
Cheater Pancake Syrup,cake
Coffee Syrup,cake
Habanero Simple Syrup,cake
Dandelion Syrup,cake
Rhubarb Simple Syrup,cake
Lemon Syrup,cake
Dark Beer Syrup,cake
Brandy Simple Syrup,cake
Simple Maple Syrup,cake
Lemon Verbena Simple Syrup,cake
Pomegranate Molasses,cake
Absolute Best Pancake Syrup,cake
Simple Syrup with Truvia Natural Sweetener,cake
Homemade Pumpkin Spice Syrup,cake
Vanilla Honey Simple Syrup,cake
Honey Syrup,cake
Feta Cheese French Toast with Spiced Honey Syrup,cake
Sweet Gravy,cake
Vanilla Syrup Substitute,cake
Homemade Grenadine,cake
Cucumber-Basil Syrup,cake
Buttermilk Syrup,cake
Coconut Milk Syrup,cake
Ginger Syrup,cake
Blueberry-Lavender Simple Syrup,cake
Pumpkin Spice Syrup,cake
Citrus Wild Blueberry Sauce,cake
Magic Syrup,cake
Cinnamon Cream Syrup,cake
Buttery Maple Syrup,cake
Easy Homemade Berry Syrup,cake
Maple-Vanilla Syrup,cake
Coconut Syrup,cake
Cranberry Simple Syrup,cake
Pecan Pie Pancake Syrup,cake
Blueberry Vanilla Syrup,cake
Pomegranate Grenadine,cake
Strawberry-Rhubarb Syrup,cake
Raspberry Coulis,cake
Cranberry Shrub,cake
Spiced Pomegranate Syrup,cake
Homemade Apple Cider Syrup,cake
Spicy Thai Noodle Salad with Peanut Dressing,vegetable
Napa Cabbage Noodle Salad,vegetable
Bloody Mary Pasta Salad,vegetable
Bow Tie Pasta Salad,vegetable
Deviled Egg Macaroni Salad,vegetable
Cucumber Feta Couscous Salad,vegetable
Shrimp and Bacon Pasta Salad,vegetable
Italian Grinder Pasta Salad,vegetable
Italian Tortellini Salad,vegetable
Bruschetta Chicken Pasta Salad,vegetable
Greek Tortellini Salad,vegetable
Pesto Tortellini Salad,vegetable
Best Tuna Pasta Salad,vegetable
Greek Pasta Salad,vegetable
Southwestern Pasta Salad,vegetable
Bacon Ranch Pasta Salad,vegetable
Spaghetti Salad,vegetable
Rachel's Pizza Pasta Salad,vegetable
Creamy Vegetable Pasta Salad,vegetable
Classic Pasta Salad,vegetable
Amish Macaroni Salad,vegetable
Greek Orzo Salad,vegetable
Awesome Pasta Salad,vegetable
Tuna Macaroni Salad,vegetable
Ramen and Cabbage Salad,vegetable
Magnificent Macaroni Salad,vegetable
Antipasto Pasta Salad,vegetable
Chef John's Classic Macaroni Salad,vegetable
Mom's Best Macaroni Salad,vegetable
Creamy Macaroni Salad,vegetable
Creamy Vegan Pasta Salad,vegetable
Mediterranean Orzo Salad,vegetable
Easy Rainbow Pasta Salad,vegetable
Sesame Noodle Salad,vegetable
Shrimp Pasta Salad with Italian Dressing,vegetable
Seafood Pasta Salad,vegetable
Tortellini Salad,vegetable
Shrimp Pasta Salad,vegetable
Macaroni Salad with Peas,vegetable
Thai-Inspired Noodle Salad,vegetable
Macaroni and Cheese Salad,vegetable
No-Mayo Pasta Salad,vegetable
Spinach Pasta Salad,vegetable
Classic Italian Pasta Salad,vegetable
Simple Macaroni Salad,vegetable
Old Fashioned Macaroni Salad,vegetable
Cheddar and Macaroni Salad,vegetable
A Great Greek Pasta Salad,vegetable
Marinated Pasta Salad,vegetable
Easy Tuna Macaroni Salad,vegetable
Hawaiian Bruddah Potato Mac (Macaroni) Salad,vegetable
Cold Tuna Macaroni Salad,vegetable
Crab Macaroni Salad,vegetable
Macaroni and Tuna Fish Salad,vegetable
Mom's Shrimp Macaroni Salad,vegetable
The Best Macaroni Cucumber Salad,vegetable
Shrimp and Crab Macaroni Salad,vegetable
Macaroni Tuna Salad,vegetable
Cold Macaroni and Tuna Salad,vegetable
"Tuna, Noodles, Pickles and Cheese",vegetable
Five Food Groups Macaroni Salad,vegetable
Tangy Catalina Pasta Salad,vegetable
One - Two - Three - Mexican Macaroni Salad,vegetable
Southern Tuna Macaroni Salad,vegetable
Pasta Salad with Peas,vegetable
Antipasto Salad for Picnics,vegetable
Mindy's Macaroni Salad,vegetable
BLT Macaroni Salad,vegetable
Grandma's Macaroni Shrimp Salad,vegetable
Creamy Salmon Pasta Salad,vegetable
Yummy Summer Picnic Salad,vegetable
Jenny's High-Protein Pasta Salad,vegetable
Instant Pot® Spicy Macaroni Salad,vegetable
Shrimp Macaroni Salad,vegetable
Garden Tuna Pasta Salad,vegetable
Curried Salmon Pasta Salad,vegetable
Lunchbox Broccoli and Ham Salad,vegetable
Deb's Mac Salad,vegetable
Kahala's Macaroni Seafood Salad,vegetable
Summertime Tuna Pasta Salad,vegetable
Picnic Macaroni Salad,vegetable
Eagle Salad,vegetable
Thai Rice Noodle Salad,vegetable
Vietnamese Rice Noodle Salad,vegetable
Spicy Rice Noodle Salad,vegetable
Chicken Noodle Salad with Peanut-Ginger Dressing,vegetable
Shanghai Noodle Salad,vegetable
Thai Cucumber Salad with Udon Noodles,vegetable
Norris' Sesame Pasta Salad,vegetable
Pomelo Salad with Rice Vermicelli,vegetable
Chinese Cold Pasta Salad,vegetable
Chinese Pasta Salad,vegetable
Asian Chicken Pasta Salad,vegetable
Tasty Cabbage Salad,vegetable
Thai-Inspired Pasta Salad,vegetable
Cold Soba Noodles with Herbs and Mango,vegetable
Easy Asian Pasta Salad,vegetable
Simple Pasta Salad,vegetable
Pesto Pasta Salad,vegetable
California Spaghetti Salad,vegetable
Orzo and Tomato Salad with Feta Cheese,vegetable
"Penne, Tomato, and Mozzarella Salad",vegetable
Ali's Greek Tortellini Salad,vegetable
Tortellini Salad with Tomatoes and Peas,vegetable
Turmeric Rotini Salad,vegetable
Mamma's Macaroni Salad,vegetable
Mediterranean Salmon Pasta Salad,vegetable
Crab and Shrimp Pasta Salad,vegetable
Shrimp Couscous Salad,vegetable
Saigon Noodle Salad,vegetable
Shrimp Pasta Salad With a Creamy Lemon Dressing,vegetable
Shrimp Vermicelli Salad,vegetable
Mediterranean Seafood Salad,vegetable
Tuna Antipasto Salad Bowl,vegetable
Shrimp and Orzo Salad,vegetable
Rinny's Cavatappi Salad,vegetable
German Shrimp Pasta Salad,vegetable
Super Shrimp and Veggie Pasta Salad,vegetable
Pretty Crawfish Pasta,vegetable
Evacuation Tuna & Pasta Salad,vegetable
Tuna Souvlaki Pasta Salad,vegetable
Hallelujah Noodles,vegetable
Cavatappi Pasta Salad with Tuna and Olives,vegetable
Rustic Spaghetti Salad,vegetable
Tuna Pasta Salad,vegetable
Vegetarian Greek Pasta Salad,vegetable
Greek Tortellini Pasta Salad,vegetable
Greek-Inspired Gemelli Pasta Salad,vegetable
Greek Salad with Couscous and Spicy Feta Cheese,vegetable
Italian Pasta Salad I,vegetable
Italian Confetti Pasta Salad,vegetable
Macaroni Salad for a Crowd,vegetable
Easy Italian Pasta Salad,vegetable
Pasta and Vegetable Salad,vegetable
Pasta Fredda,vegetable
Vermicelli Salad,vegetable
Cold Spaghetti Salad,vegetable
Orzo Tomato Artichoke Salad,vegetable
Gorgonzola and Prosciutto Tortellini Salad,vegetable
Pasta Salad a la Honeybear,vegetable
Pesto Surprise,vegetable
Tennille's Italian Pasta Salad,vegetable
Cranberry and Almond Pasta Salad,vegetable
Winter Fruit and Pasta Salad,vegetable
"Macaroni, Pineapple, and Ham Salad",vegetable
Fig and Gorgonzola Israeli Couscous Salad,vegetable
Fruity Pasta Salad with Herbs,vegetable
Summer Pasta Salad,vegetable
Pasta Salad for a Crowd,vegetable
Rainbow Pasta Salad,vegetable
Tortellini Bacon Broccoli Salad,vegetable
Pasta Salad with Crab,vegetable
Orzo and Broccoli Salad (No Mayo),vegetable
Peppercorn Ranch Pasta,vegetable
Vegan Pasta Salad,vegetable
Easy Pasta Salad,vegetable
Three Pepper Pasta Salad,vegetable
Sun-Dried Tomato Basil Orzo,vegetable
Easy Spaghetti Salad,vegetable
Easy Tortellini Salad,vegetable
Garden Pasta Salad,vegetable
Zesty Southern Pasta and Bean Salad,vegetable
Cold Spaghetti,vegetable
Awesome Bow Tie Pasta,vegetable
Gazpacho Pasta Salad,vegetable
Summer Pasta Salad I,vegetable
Pasta Salad in a Jar,vegetable
Summer Picnic Pasta Salad,vegetable
Mediterranean Chickpea Pasta Salad,vegetable
Cucumber Pasta Salad,vegetable
Mostaccioli Salad,vegetable
Best Ever Pasta Salad,vegetable
Best Macaroni Salad,vegetable
Avocado Cucumber Pasta Salad,vegetable
"Orzo with Feta, Cucumber and Tomato",vegetable
Summertime Orzo Salad,vegetable
Patchwork Quilt Pasta Salad,vegetable
Spinach Basil Pasta Salad,vegetable
Cold Southwestern Bow Tie Pasta,vegetable
Pantry Pasta Salad,vegetable
Mediterranean Pasta Salad with Hummus,vegetable
Mushroom Mint Pasta Salad,vegetable
Firecracker Pasta Salad,vegetable
Mexican Pasta Salad,vegetable
The Perfect Picnic Pasta Salad,vegetable
Home Town Drive-In Pasta Salad,vegetable
Contadina® Insalata Minestrone,vegetable
Indian Chapati Bread,bread
Hearty Multigrain Bread,bread
Hearty Multigrain Seeded Bread,bread
Mini Banana Bread Loaves,bread
Fabulous Fig Scones,bread
Easy English Muffins,bread
Homemade English Muffins,bread
No-Knead English Muffin Loaves,bread
Apple Pie Cinnamon Roll Bubble Up,bread
Almond Flour-Blueberry Muffins,bread
Best Keto Bread,bread
Almond Flour Banana Bread,bread
Keto Fathead Bread,bread
Italian Chickpea Bread,bread
Easy Cloud Bread,bread
Air Fryer Keto Garlic Cheese 'Bread',bread
Almond Flour Chocolate Chip Muffins,bread
Cloud Bread,bread
Almond Flour Pizza Crust,bread
Chef John's Pão de Queijo (Brazilian Cheese Bread),bread
Keto Crackers,bread
Grain-Free Butter Bread,bread
Brazilian Cheese Rolls (Pão de Queijo),bread
Gluten-Free Donuts,bread
Chocolate Almond Breakfast Donuts,bread
Air Fryer Pão de Queijo,bread
Macadamia Fat Bread,bread
Almond Flour Lemon Muffins,bread
Mbeju (Paraguayan Cheese Flatbread),bread
Almond Flour Bread,bread
Gluten Free Danish,bread
Easy Gluten-Free Bagels,bread
Paleo Banana Bread,bread
Gluten-Free Choc Chip Oatmeal Muffins,bread
Gluten-Free Irish Soda Bread,bread
Wonderful Gluten Free White Bread Recipe,bread
Pan de Queso (Brazilian Cheese Buns),bread
Gluten-Free Hamburger Buns,bread
Alison's Gluten-Free Bread,bread
Gluten-Free Sweet Corn Bread,bread
Blueberry Zucchini Muffins,bread
Spicy Zucchini Oatmeal Cookies,bread
Pumpkin Spice Zucchini Muffins,bread
Toddler-Friendly Carrot and Zucchini Muffins,bread
Healthy Protein Morning Glory Muffins,bread
Happy Apple Zucchini Muffins,bread
Vegan Zucchini Banana Bread Muffins,bread
Sweet Potato Zucchini Muffins,bread
Peanut Butter Chocolate Chip Zucchini Muffins,bread
Gluten-Free Zucchini Carrot Muffins,bread
Zucchini-Lemon-Poppy Seed Muffins,bread
Rice Zucchini Muffins,bread
Gluten-Free Zucchini Muffins,bread
Five Spice Muffins,bread
Low-Fat Chocolate Zucchini Mini Muffins,bread
Vegan Zucchini Bread Muffins,bread
